;Bouvard Fleurs;;Route de Base 74, Perly-Certoux, GE 1258 Suisse;0227714844;info@bouvard-fleurs.ch;Fleurs;VRAI;acct_1BxVZKJvL8DO90S5;Bouquet de roses (12 roses)
;Bouvard Fleurs;;Route de Base 74, Perly-Certoux, GE 1258 Suisse;0227714844;info@bouvard-fleurs.ch;Fleurs;VRAI;acct_1BxVZKJvL8DO90S5;Bouquet de roses (20 roses)
;Bouvard Fleurs;;Route de Base 74, Perly-Certoux, GE 1258 Suisse;0227714844;info@bouvard-fleurs.ch;Fleurs;VRAI;acct_1BxVZKJvL8DO90S5;Bouquet de roses avec gypsophile (10 roses)
;Bouvard Fleurs;;Route de Base 74, Perly-Certoux, GE 1258 Suisse;0227714844;info@bouvard-fleurs.ch;Fleurs;VRAI;acct_1BxVZKJvL8DO90S5;Bouquet de roses avec gypsophile (20 roses)
;Bouvard Fleurs;;Route de Base 74, Perly-Certoux, GE 1258 Suisse;0227714844;info@bouvard-fleurs.ch;Fleurs;VRAI;acct_1BxVZKJvL8DO90S5;Bouquet de lys avec roses (10 roses)
;Bouvard Fleurs;;Route de Base 74, Perly-Certoux, GE 1258 Suisse;0227714844;info@bouvard-fleurs.ch;Fleurs;VRAI;acct_1BxVZKJvL8DO90S5;Bouquet de lys avec roses (20 roses)
;Bouvard Fleurs;;Route de Base 74, Perly-Certoux, GE 1258 Suisse;0227714844;info@bouvard-fleurs.ch;Fleurs;VRAI;acct_1BxVZKJvL8DO90S5;Bouquet blanc (Taille S)
;Bouvard Fleurs;;Route de Base 74, Perly-Certoux, GE 1258 Suisse;0227714844;info@bouvard-fleurs.ch;Fleurs;VRAI;acct_1BxVZKJvL8DO90S5;Bouquet blanc (Taille M)
;Bouvard Fleurs;;Route de Base 74, Perly-Certoux, GE 1258 Suisse;0227714844;info@bouvard-fleurs.ch;Fleurs;VRAI;acct_1BxVZKJvL8DO90S5;Bouquet blanc (Taille L)
;Bouvard Fleurs;;Route de Base 74, Perly-Certoux, GE 1258 Suisse;0227714844;info@bouvard-fleurs.ch;Fleurs;VRAI;acct_1BxVZKJvL8DO90S5;Bouquet de 10 tulipes
;Bouvard Fleurs;;Route de Base 74, Perly-Certoux, GE 1258 Suisse;0227714844;info@bouvard-fleurs.ch;Fleurs;VRAI;acct_1BxVZKJvL8DO90S5;Bouquet de 20 tulipes
;Bouvard Fleurs;;Route de Base 74, Perly-Certoux, GE 1258 Suisse;0227714844;info@bouvard-fleurs.ch;Fleurs;VRAI;acct_1BxVZKJvL8DO90S5;Bouquet de 30 tulipes
;Bouvard Fleurs;;Route de Base 74, Perly-Certoux, GE 1258 Suisse;0227714844;info@bouvard-fleurs.ch;Fleurs;VRAI;acct_1BxVZKJvL8DO90S5;Bouquet Printanier taille M
;Bouvard Fleurs;;Route de Base 74, Perly-Certoux, GE 1258 Suisse;0227714844;info@bouvard-fleurs.ch;Fleurs;VRAI;acct_1BxVZKJvL8DO90S5;Bouquet Printanier taille L
;Bouvard Fleurs;;Route de Base 74, Perly-Certoux, GE 1258 Suisse;0227714844;info@bouvard-fleurs.ch;Fleurs;VRAI;acct_1BxVZKJvL8DO90S5;Orchidée à 2 tiges blanches
;Bouvard Fleurs;;Route de Base 74, Perly-Certoux, GE 1258 Suisse;0227714844;info@bouvard-fleurs.ch;Fleurs;VRAI;acct_1BxVZKJvL8DO90S5;Orchidée à 2 tiges roses
;Bouvard Fleurs;;Route de Base 74, Perly-Certoux, GE 1258 Suisse;0227714844;info@bouvard-fleurs.ch;Fleurs;VRAI;acct_1BxVZKJvL8DO90S5;Bouquet de roses (12 roses: ROSE, BLANC, ORANGE ) St Valentin
;Bouvard Fleurs;;Route de Base 74, Perly-Certoux, GE 1258 Suisse;0227714844;info@bouvard-fleurs.ch;Fleurs;VRAI;acct_1BxVZKJvL8DO90S5;Bouquet de roses (12 roses : ROUGE) St Valentin
;Bouvard Fleurs;;Route de Base 74, Perly-Certoux, GE 1258 Suisse;0227714844;info@bouvard-fleurs.ch;Fleurs;VRAI;acct_1BxVZKJvL8DO90S5;Bouquet de roses (20 roses : ROSE,BLANC,ORANGE) St Valentin
;Bouvard Fleurs;;Route de Base 74, Perly-Certoux, GE 1258 Suisse;0227714844;info@bouvard-fleurs.ch;Fleurs;VRAI;acct_1BxVZKJvL8DO90S5;Bouquet de roses (20 roses : ROUGE) St Valentin
;Bouvard Fleurs;;Route de Base 74, Perly-Certoux, GE 1258 Suisse;0227714844;info@bouvard-fleurs.ch;Fleurs;VRAI;acct_1BxVZKJvL8DO90S5;Bouquet de roses avec gypsophile (10 roses: ROSE, BLANC, ORANGE) St Valentin
;Bouvard Fleurs;;Route de Base 74, Perly-Certoux, GE 1258 Suisse;0227714844;info@bouvard-fleurs.ch;Fleurs;VRAI;acct_1BxVZKJvL8DO90S5;Bouquet de roses avec gypsophile (10 roses: ROUGE) St Valentin
;Bouvard Fleurs;;Route de Base 74, Perly-Certoux, GE 1258 Suisse;0227714844;info@bouvard-fleurs.ch;Fleurs;VRAI;acct_1BxVZKJvL8DO90S5;Bouquet de roses avec gypsophile (20 roses : ROSE, BLANC, ORANGE) ST Valentin
;Bouvard Fleurs;;Route de Base 74, Perly-Certoux, GE 1258 Suisse;0227714844;info@bouvard-fleurs.ch;Fleurs;VRAI;acct_1BxVZKJvL8DO90S5;Bouquet de roses avec gypsophile (20 roses : ROUGE) ST Valentin
;Bouvard Fleurs;;Route de Base 74, Perly-Certoux, GE 1258 Suisse;0227714844;info@bouvard-fleurs.ch;Fleurs;VRAI;acct_1BxVZKJvL8DO90S5;Bouquet de lys avec roses (10 roses avec 2 lys) : Rose Blanc, Orange.) St Valentin
;Bouvard Fleurs;;Route de Base 74, Perly-Certoux, GE 1258 Suisse;0227714844;info@bouvard-fleurs.ch;Fleurs;VRAI;acct_1BxVZKJvL8DO90S5;Bouquet de lys avec roses (10 roses avec 2 lys): couleur ROUGE) St Valentin
;Bouvard Fleurs;;Route de Base 74, Perly-Certoux, GE 1258 Suisse;0227714844;info@bouvard-fleurs.ch;Fleurs;VRAI;acct_1BxVZKJvL8DO90S5;Bouquet de lys avec roses (20 roses avec 4 lys) ROSE, BLANC, ORANGE St Valentin
;Bouvard Fleurs;;Route de Base 74, Perly-Certoux, GE 1258 Suisse;0227714844;info@bouvard-fleurs.ch;Fleurs;VRAI;acct_1BxVZKJvL8DO90S5;Bouquet de lys avec roses (20 roses avec 4 lys) ROUGE St Valentin
;Bouvard Fleurs;;Route de Base 74, Perly-Certoux, GE 1258 Suisse;0227714844;info@bouvard-fleurs.ch;Fleurs;VRAI;acct_1BxVZKJvL8DO90S5;Bouquet blanc (Taille S) St Valentin
;Bouvard Fleurs;;Route de Base 74, Perly-Certoux, GE 1258 Suisse;0227714844;info@bouvard-fleurs.ch;Fleurs;VRAI;acct_1BxVZKJvL8DO90S5;Bouquet blanc (Taille M) St Valentin
;Bouvard Fleurs;;Route de Base 74, Perly-Certoux, GE 1258 Suisse;0227714844;info@bouvard-fleurs.ch;Fleurs;VRAI;acct_1BxVZKJvL8DO90S5;Bouquet blanc (Taille L) St Valentin
;Bouvard Fleurs;;Route de Base 74, Perly-Certoux, GE 1258 Suisse;0227714844;info@bouvard-fleurs.ch;Fleurs;VRAI;acct_1BxVZKJvL8DO90S5;Coeur de St Valentin
;Bouvard Fleurs;;Route de Base 74, Perly-Certoux, GE 1258 Suisse;0227714844;info@bouvard-fleurs.ch;Fleurs;VRAI;acct_1BxVZKJvL8DO90S5;Rose rouge à l'unité petit bouton
;Bouvard Fleurs;;Route de Base 74, Perly-Certoux, GE 1258 Suisse;0227714844;info@bouvard-fleurs.ch;Fleurs;VRAI;acct_1BxVZKJvL8DO90S5;Rose de couleur rose à l'unité
;CLEAN MY CAR;;Rue du Russalet 15, BULLE, FRIBOURG 1630 SUISSE;0269126066;info@cleanmycar.ch;Pneumatiques;VRAI;acct_1EB6NaELrYItXWwX;Gardiennage pneus par semestre
;CLEAN MY CAR;;Rue du Russalet 15, BULLE, FRIBOURG 1630 SUISSE;0269126066;info@cleanmycar.ch;Nettoyage Voiture;VRAI;acct_1EB6NaELrYItXWwX;TOP  (Mini citadine) 1H30
;CLEAN MY CAR;;Rue du Russalet 15, BULLE, FRIBOURG 1630 SUISSE;0269126066;info@cleanmycar.ch;Nettoyage Voiture;VRAI;acct_1EB6NaELrYItXWwX;PRESSING  (Mini citadine) environ 2H30
;CLEAN MY CAR;;Rue du Russalet 15, BULLE, FRIBOURG 1630 SUISSE;0269126066;info@cleanmycar.ch;Nettoyage Voiture;VRAI;acct_1EB6NaELrYItXWwX;PREMIUM EXTERIEUR (Mini citadine)  45 MIN
;CLEAN MY CAR;;Rue du Russalet 15, BULLE, FRIBOURG 1630 SUISSE;0269126066;info@cleanmycar.ch;Nettoyage Voiture;VRAI;acct_1EB6NaELrYItXWwX;EXPRESS PLUS  (Mini citadine)  Environ 1H30
;CLEAN MY CAR;;Rue du Russalet 15, BULLE, FRIBOURG 1630 SUISSE;0269126066;info@cleanmycar.ch;Nettoyage Voiture;VRAI;acct_1EB6NaELrYItXWwX;TOP PLUS (Mini citadine) environ 2H15
;CLEAN MY CAR;;Rue du Russalet 15, BULLE, FRIBOURG 1630 SUISSE;0269126066;info@cleanmycar.ch;Nettoyage Voiture;VRAI;acct_1EB6NaELrYItXWwX;PRESSING PLUS  (Mini citadine) environ 3H15
;CLEAN MY CAR;;Rue du Russalet 15, BULLE, FRIBOURG 1630 SUISSE;0269126066;info@cleanmycar.ch;Nettoyage Voiture;VRAI;acct_1EB6NaELrYItXWwX;TOP  (citadine) 1H30
;CLEAN MY CAR;;Rue du Russalet 15, BULLE, FRIBOURG 1630 SUISSE;0269126066;info@cleanmycar.ch;Nettoyage Voiture;VRAI;acct_1EB6NaELrYItXWwX;PRESSING  (citadine) environ 2H30
;CLEAN MY CAR;;Rue du Russalet 15, BULLE, FRIBOURG 1630 SUISSE;0269126066;info@cleanmycar.ch;Nettoyage Voiture;VRAI;acct_1EB6NaELrYItXWwX;PREMIUM EXTERIEUR (citadine)  45 MIN
;CLEAN MY CAR;;Rue du Russalet 15, BULLE, FRIBOURG 1630 SUISSE;0269126066;info@cleanmycar.ch;Nettoyage Voiture;VRAI;acct_1EB6NaELrYItXWwX;EXPRESS PLUS  (citadine)  Environ 1H30
;CLEAN MY CAR;;Rue du Russalet 15, BULLE, FRIBOURG 1630 SUISSE;0269126066;info@cleanmycar.ch;Nettoyage Voiture;VRAI;acct_1EB6NaELrYItXWwX;TOP PLUS (citadine) environ 2H15
;CLEAN MY CAR;;Rue du Russalet 15, BULLE, FRIBOURG 1630 SUISSE;0269126066;info@cleanmycar.ch;Nettoyage Voiture;VRAI;acct_1EB6NaELrYItXWwX;PRESSING PLUS  (citadine) environ 3H15
;CLEAN MY CAR;;Rue du Russalet 15, BULLE, FRIBOURG 1630 SUISSE;0269126066;info@cleanmycar.ch;Nettoyage Voiture;VRAI;acct_1EB6NaELrYItXWwX;TOP  (Berline) 1H30
;CLEAN MY CAR;;Rue du Russalet 15, BULLE, FRIBOURG 1630 SUISSE;0269126066;info@cleanmycar.ch;Nettoyage Voiture;VRAI;acct_1EB6NaELrYItXWwX;PRESSING  (Berline) environ 2H30
;CLEAN MY CAR;;Rue du Russalet 15, BULLE, FRIBOURG 1630 SUISSE;0269126066;info@cleanmycar.ch;Nettoyage Voiture;VRAI;acct_1EB6NaELrYItXWwX;PREMIUM EXTERIEUR (Berline)  45 MIN
;CLEAN MY CAR;;Rue du Russalet 15, BULLE, FRIBOURG 1630 SUISSE;0269126066;info@cleanmycar.ch;Nettoyage Voiture;VRAI;acct_1EB6NaELrYItXWwX;EXPRESS PLUS  (Berline)  Environ 1H30
;CLEAN MY CAR;;Rue du Russalet 15, BULLE, FRIBOURG 1630 SUISSE;0269126066;info@cleanmycar.ch;Nettoyage Voiture;VRAI;acct_1EB6NaELrYItXWwX;TOP PLUS (Berline) environ 2H15
;CLEAN MY CAR;;Rue du Russalet 15, BULLE, FRIBOURG 1630 SUISSE;0269126066;info@cleanmycar.ch;Nettoyage Voiture;VRAI;acct_1EB6NaELrYItXWwX;PRESSING PLUS  (Berline) environ 3H15
;CLEAN MY CAR;;Rue du Russalet 15, BULLE, FRIBOURG 1630 SUISSE;0269126066;info@cleanmycar.ch;Nettoyage Voiture;VRAI;acct_1EB6NaELrYItXWwX;TOP  (Monospace SUV) 1H30
;CLEAN MY CAR;;Rue du Russalet 15, BULLE, FRIBOURG 1630 SUISSE;0269126066;info@cleanmycar.ch;Nettoyage Voiture;VRAI;acct_1EB6NaELrYItXWwX;PRESSING  (Monospace SUV) environ 2H30
;CLEAN MY CAR;;Rue du Russalet 15, BULLE, FRIBOURG 1630 SUISSE;0269126066;info@cleanmycar.ch;Nettoyage Voiture;VRAI;acct_1EB6NaELrYItXWwX;PREMIUM EXTERIEUR (Monospace SUV)  45 MIN
;CLEAN MY CAR;;Rue du Russalet 15, BULLE, FRIBOURG 1630 SUISSE;0269126066;info@cleanmycar.ch;Nettoyage Voiture;VRAI;acct_1EB6NaELrYItXWwX;EXPRESS PLUS  (Monospace SUV)  Environ 1H30
;CLEAN MY CAR;;Rue du Russalet 15, BULLE, FRIBOURG 1630 SUISSE;0269126066;info@cleanmycar.ch;Nettoyage Voiture;VRAI;acct_1EB6NaELrYItXWwX;TOP PLUS (Monospace SUV) environ 2H15
;CLEAN MY CAR;;Rue du Russalet 15, BULLE, FRIBOURG 1630 SUISSE;0269126066;info@cleanmycar.ch;Nettoyage Voiture;VRAI;acct_1EB6NaELrYItXWwX;PRESSING PLUS  (Monospace SUV) environ 3H15
;CLEAN MY CAR;;Rue du Russalet 15, BULLE, FRIBOURG 1630 SUISSE;0269126066;info@cleanmycar.ch;Nettoyage Voiture;VRAI;acct_1EB6NaELrYItXWwX;TOP  (4x4 BUS) 1H30
;CLEAN MY CAR;;Rue du Russalet 15, BULLE, FRIBOURG 1630 SUISSE;0269126066;info@cleanmycar.ch;Nettoyage Voiture;VRAI;acct_1EB6NaELrYItXWwX;PRESSING  (4X4 BUS) environ 2H30
;CLEAN MY CAR;;Rue du Russalet 15, BULLE, FRIBOURG 1630 SUISSE;0269126066;info@cleanmycar.ch;Nettoyage Voiture;VRAI;acct_1EB6NaELrYItXWwX;PREMIUM EXTERIEUR (4X4 BUS)  45 MIN
;CLEAN MY CAR;;Rue du Russalet 15, BULLE, FRIBOURG 1630 SUISSE;0269126066;info@cleanmycar.ch;Nettoyage Voiture;VRAI;acct_1EB6NaELrYItXWwX;EXPRESS PLUS  (4X4 BUS)  Environ 1H30
;CLEAN MY CAR;;Rue du Russalet 15, BULLE, FRIBOURG 1630 SUISSE;0269126066;info@cleanmycar.ch;Nettoyage Voiture;VRAI;acct_1EB6NaELrYItXWwX;TOP PLUS (4X4 BUS) environ 2H15
;CLEAN MY CAR;;Rue du Russalet 15, BULLE, FRIBOURG 1630 SUISSE;0269126066;info@cleanmycar.ch;Nettoyage Voiture;VRAI;acct_1EB6NaELrYItXWwX;PRESSING PLUS  (4X4 BUS) environ 3H15
;CLEAN MY CAR;;Rue du Russalet 15, BULLE, FRIBOURG 1630 SUISSE;0269126066;info@cleanmycar.ch;Nettoyage Voiture;VRAI;acct_1EB6NaELrYItXWwX;POILS D ANIMAUX
;CLEAN MY CAR;;Rue du Russalet 15, BULLE, FRIBOURG 1630 SUISSE;0269126066;info@cleanmycar.ch;Nettoyage Voiture;VRAI;acct_1EB6NaELrYItXWwX;POILS D ANIMAUX
;CLEAN MY CAR;;Rue du Russalet 15, BULLE, FRIBOURG 1630 SUISSE;0269126066;info@cleanmycar.ch;Nettoyage Voiture;VRAI;acct_1EB6NaELrYItXWwX;SHAMPOING
;CLEAN MY CAR;;Rue du Russalet 15, BULLE, FRIBOURG 1630 SUISSE;0269126066;info@cleanmycar.ch;Nettoyage Voiture;VRAI;acct_1EB6NaELrYItXWwX;NETTOYAGE ET TRAITEMENT DES CUIRS
;CLEAN MY CAR;;Rue du Russalet 15, BULLE, FRIBOURG 1630 SUISSE;0269126066;info@cleanmycar.ch;Nettoyage Voiture;VRAI;acct_1EB6NaELrYItXWwX;SUPPLEMENT NETTOYAGE PLAFOND
;CLEAN MY CAR;;Rue du Russalet 15, BULLE, FRIBOURG 1630 SUISSE;0269126066;info@cleanmycar.ch;Nettoyage Voiture;VRAI;acct_1EB6NaELrYItXWwX;SUPPLEMENT NETTOYAGE 4X VITRES
;CLEAN MY CAR;;Rue du Russalet 15, BULLE, FRIBOURG 1630 SUISSE;0269126066;info@cleanmycar.ch;Nettoyage Voiture;VRAI;acct_1EB6NaELrYItXWwX;SUPPLEMENT NETTOYAGE 4X jantes
;CLEAN MY CAR;;Rue du Russalet 15, BULLE, FRIBOURG 1630 SUISSE;0269126066;info@cleanmycar.ch;Nettoyage Voiture;VRAI;acct_1EB6NaELrYItXWwX;TRAITEMENT ROUILLE VOLATILE
;CLEAN MY CAR;;Rue du Russalet 15, BULLE, FRIBOURG 1630 SUISSE;0269126066;info@cleanmycar.ch;Pneumatiques;VRAI;acct_1EB6NaELrYItXWwX;Changement de roues jusqu'à 17 pouces
;CLEAN MY CAR;;Rue du Russalet 15, BULLE, FRIBOURG 1630 SUISSE;0269126066;info@cleanmycar.ch;Pneumatiques;VRAI;acct_1EB6NaELrYItXWwX;Changement de roues 18-19-20 pouces
;CLEAN MY CAR;;Rue du Russalet 15, BULLE, FRIBOURG 1630 SUISSE;0269126066;info@cleanmycar.ch;Pneumatiques;VRAI;acct_1EB6NaELrYItXWwX;MONTAGE/EQUILIBRAGE JANTES ACIER
;CLEAN MY CAR;;Rue du Russalet 15, BULLE, FRIBOURG 1630 SUISSE;0269126066;info@cleanmycar.ch;Pneumatiques;VRAI;acct_1EB6NaELrYItXWwX;MONTAGE/EQUILIBRAGE JANTES ALU jusqu'à 17 pouces
;CLEAN MY CAR;;Rue du Russalet 15, BULLE, FRIBOURG 1630 SUISSE;0269126066;info@cleanmycar.ch;Pneumatiques;VRAI;acct_1EB6NaELrYItXWwX;MONTAGE/EQUILIBRAGE JANTES ALU 18-19-20 pouces
;CLEAN MY CAR;;Rue du Russalet 15, BULLE, FRIBOURG 1630 SUISSE;0269126066;info@cleanmycar.ch;Pneumatiques;VRAI;acct_1EB6NaELrYItXWwX;Réparation pneu percé ( par réparation)
;CLEAN MY CAR;;Rue du Russalet 15, BULLE, FRIBOURG 1630 SUISSE;0269126066;info@cleanmycar.ch;Pneumatiques;VRAI;acct_1EB6NaELrYItXWwX;Elimination de vieux pneus  jusqu'à 17 pouces
;CLEAN MY CAR;;Rue du Russalet 15, BULLE, FRIBOURG 1630 SUISSE;0269126066;info@cleanmycar.ch;Pneumatiques;VRAI;acct_1EB6NaELrYItXWwX;Elimination de vieux pneus 18 pouces et +
;Dupasquier sport;;;00 41 26 912 74 75;info@dupasquier-sports.ch;Services Skis;VRAI;acct_1FREuQBUqCisep7c;Petit service adulte
;Dupasquier sport;;;00 41 26 912 74 75;info@dupasquier-sports.ch;Services Skis;VRAI;acct_1FREuQBUqCisep7c;Grand service adulte
;Dupasquier sport;;;00 41 26 912 74 75;info@dupasquier-sports.ch;Services Skis;VRAI;acct_1FREuQBUqCisep7c;Petit service enfant (< 150 cm)
;Dupasquier sport;;;00 41 26 912 74 75;info@dupasquier-sports.ch;Services Skis;VRAI;acct_1FREuQBUqCisep7c;grand service enfant (< 150 cm)
;Enoracoach;;France;0765352704;enora.mengus@gmail.com;Bien-être;VRAI;;PNL : Séance de Coaching Individuelle
;Euromaster;;Chemin Gérard-de-Ternier 6, Petit-Lancy, GE 1213 Suisse;0798496338;gen.ch.support2@euromaster.com;Entretien du véhicule;VRAI;;Entretien du véhicule
;Euromaster;;Chemin Gérard-de-Ternier 6, Petit-Lancy, GE 1213 Suisse;0798496338;gen.ch.support2@euromaster.com;Pneumatiques;VRAI;;Changement de pneus
;Flexim;;Cour des Tanneurs 14, Lutry,  1095 Suisse;079 930 76 73;virginy.ferragut@elixim.ch;Voiturier;FAUX;;Service limousine
;Flexim;;Cour des Tanneurs 14, Lutry,  1095 Suisse;079 930 76 73;virginy.ferragut@elixim.ch;Voiturier;FAUX;;Service limousine
;Flexim;;Cour des Tanneurs 14, Lutry,  1095 Suisse;079 930 76 73;virginy.ferragut@elixim.ch;Voiturier;FAUX;;Service limousine
;Flexim;;Cour des Tanneurs 14, Lutry,  1095 Suisse;079 930 76 73;virginy.ferragut@elixim.ch;Voiturier;FAUX;;Service limousine
;Flexim;;Cour des Tanneurs 14, Lutry,  1095 Suisse;079 930 76 73;virginy.ferragut@elixim.ch;Voiturier;FAUX;;Formule 1
;Flexim;;Cour des Tanneurs 14, Lutry,  1095 Suisse;079 930 76 73;virginy.ferragut@elixim.ch;Voiturier;FAUX;;Formule 2
;Flexim;;Cour des Tanneurs 14, Lutry,  1095 Suisse;079 930 76 73;virginy.ferragut@elixim.ch;Special Service;FAUX;;SERVICE DIVERS
;Flexim;;Cour des Tanneurs 14, Lutry,  1095 Suisse;079 930 76 73;virginy.ferragut@elixim.ch;Services Divers;FAUX;;Services divers
;Flexim;;Cour des Tanneurs 14, Lutry,  1095 Suisse;079 930 76 73;virginy.ferragut@elixim.ch;Garde d'enfants;FAUX;;Garde d'enfants
;Flexim;;Cour des Tanneurs 14, Lutry,  1095 Suisse;079 930 76 73;virginy.ferragut@elixim.ch;;FAUX;;Garde d'enfants
;Flor'Ever;;Rue du Temple 15, Le Locle,  2400 Suisse;0329312233;info@flor-ever.ch;Fleurs;VRAI;;Grande Orchidée
;Flor'Ever;;Rue du Temple 15, Le Locle,  2400 Suisse;0329312233;info@flor-ever.ch;Fleurs;VRAI;;Moyenne Orchidée
;Flor'Ever;;Rue du Temple 15, Le Locle,  2400 Suisse;0329312233;info@flor-ever.ch;Fleurs;VRAI;;Décoration florale
;GARDENCENTRE Gruyère UCB;;Impasse Verte 1, La Tour-de-Trême, Fribourg 1635 CH;026 912 21 20;gardencentre-gruyere@bluewin.ch;Fleurs;FAUX;;Bouquets de printemps (Tulipes blanches)
;GARDENCENTRE Gruyère UCB;;Impasse Verte 1, La Tour-de-Trême, Fribourg 1635 CH;026 912 21 20;gardencentre-gruyere@bluewin.ch;Fleurs;FAUX;;Bouquets de printemps (Tulipes rouges)
;GARDENCENTRE Gruyère UCB;;Impasse Verte 1, La Tour-de-Trême, Fribourg 1635 CH;026 912 21 20;gardencentre-gruyere@bluewin.ch;Fleurs;FAUX;;Bouquets de printemps (Tulipes violettes)
;GARDENCENTRE Gruyère UCB;;Impasse Verte 1, La Tour-de-Trême, Fribourg 1635 CH;026 912 21 20;gardencentre-gruyere@bluewin.ch;Fleurs;FAUX;;Terrine de printemps (Panier et plantes)
;GARDENCENTRE Gruyère UCB;;Impasse Verte 1, La Tour-de-Trême, Fribourg 1635 CH;026 912 21 20;gardencentre-gruyere@bluewin.ch;Fleurs;FAUX;;Bouquets de l'année  (Roses blanches)
;GARDENCENTRE Gruyère UCB;;Impasse Verte 1, La Tour-de-Trême, Fribourg 1635 CH;026 912 21 20;gardencentre-gruyere@bluewin.ch;Fleurs;FAUX;;Bouquets de l'année  (Roses Roses)
;GARDENCENTRE Gruyère UCB;;Impasse Verte 1, La Tour-de-Trême, Fribourg 1635 CH;026 912 21 20;gardencentre-gruyere@bluewin.ch;Fleurs;FAUX;;Bouquets de l'année  (Roses rouges)
;GARDENCENTRE Gruyère UCB;;Impasse Verte 1, La Tour-de-Trême, Fribourg 1635 CH;026 912 21 20;gardencentre-gruyere@bluewin.ch;Fleurs;FAUX;;Bouquets de l'année  (Roses oranges)
;GARDENCENTRE Gruyère UCB;;Impasse Verte 1, La Tour-de-Trême, Fribourg 1635 CH;026 912 21 20;gardencentre-gruyere@bluewin.ch;Fleurs;FAUX;;Bouquets rond (couleur rose)
;GARDENCENTRE Gruyère UCB;;Impasse Verte 1, La Tour-de-Trême, Fribourg 1635 CH;026 912 21 20;gardencentre-gruyere@bluewin.ch;Fleurs;FAUX;;Bouquets rond (couleur blanche)
;GARDENCENTRE Gruyère UCB;;Impasse Verte 1, La Tour-de-Trême, Fribourg 1635 CH;026 912 21 20;gardencentre-gruyere@bluewin.ch;Fleurs;FAUX;;Bouquets rond (couleur orange)
;GARDENCENTRE Gruyère UCB;;Impasse Verte 1, La Tour-de-Trême, Fribourg 1635 CH;026 912 21 20;gardencentre-gruyere@bluewin.ch;Fleurs;FAUX;;Orchidée (couleur violette)
;GARDENCENTRE Gruyère UCB;;Impasse Verte 1, La Tour-de-Trême, Fribourg 1635 CH;026 912 21 20;gardencentre-gruyere@bluewin.ch;Fleurs;FAUX;;Orchidée (couleur blanche)
;GARDENCENTRE Gruyère UCB;;Impasse Verte 1, La Tour-de-Trême, Fribourg 1635 CH;026 912 21 20;gardencentre-gruyere@bluewin.ch;Fleurs;FAUX;;Orchidée (couleur jaune)
;GARDENCENTRE Gruyère UCB;;Impasse Verte 1, La Tour-de-Trême, Fribourg 1635 CH;026 912 21 20;gardencentre-gruyere@bluewin.ch;Fleurs;FAUX;;Sur demande
;L'Origine;;Chemin de la Boussateire 4A  s, Le Crêt-près-Semsale, VD 1611 Suisse;0041 76 525 74 13;info@lorigine.ch;Chocolat;VRAI;acct_1FM9ooEqMZXOnnpV;Amandes enrobées
;L'Origine;;Chemin de la Boussateire 4A  s, Le Crêt-près-Semsale, VD 1611 Suisse;0041 76 525 74 13;info@lorigine.ch;Chocolat;VRAI;acct_1FM9ooEqMZXOnnpV;Amandes caramélisées
;L'Origine;;Chemin de la Boussateire 4A  s, Le Crêt-près-Semsale, VD 1611 Suisse;0041 76 525 74 13;info@lorigine.ch;Chocolat;VRAI;acct_1FM9ooEqMZXOnnpV;Amandes apéro salées
;L'Origine;;Chemin de la Boussateire 4A  s, Le Crêt-près-Semsale, VD 1611 Suisse;0041 76 525 74 13;info@lorigine.ch;Chocolat;VRAI;acct_1FM9ooEqMZXOnnpV;Tablettes mendiants chocolat noir
;L'Origine;;Chemin de la Boussateire 4A  s, Le Crêt-près-Semsale, VD 1611 Suisse;0041 76 525 74 13;info@lorigine.ch;Chocolat;VRAI;acct_1FM9ooEqMZXOnnpV;Tablettes mendiants chocolat noir ou lait
;L'Origine;;Chemin de la Boussateire 4A  s, Le Crêt-près-Semsale, VD 1611 Suisse;0041 76 525 74 13;info@lorigine.ch;Chocolat;VRAI;acct_1FM9ooEqMZXOnnpV;Mini tablette noir ou lait ou blanc
;L'Origine;;Chemin de la Boussateire 4A  s, Le Crêt-près-Semsale, VD 1611 Suisse;0041 76 525 74 13;info@lorigine.ch;Chocolat;VRAI;acct_1FM9ooEqMZXOnnpV;Pralinés
;L'Origine;;Chemin de la Boussateire 4A  s, Le Crêt-près-Semsale, VD 1611 Suisse;0041 76 525 74 13;info@lorigine.ch;Chocolat;VRAI;acct_1FM9ooEqMZXOnnpV;Meringues chocolatées
;L'Origine;;Chemin de la Boussateire 4A  s, Le Crêt-près-Semsale, VD 1611 Suisse;0041 76 525 74 13;info@lorigine.ch;Chocolat;VRAI;acct_1FM9ooEqMZXOnnpV;Orangettes
;L'Origine;;Chemin de la Boussateire 4A  s, Le Crêt-près-Semsale, VD 1611 Suisse;0041 76 525 74 13;info@lorigine.ch;Chocolat;VRAI;acct_1FM9ooEqMZXOnnpV;Boite de chocolats brune / Editions de Noël ou de base
;L'Origine;;Chemin de la Boussateire 4A  s, Le Crêt-près-Semsale, VD 1611 Suisse;0041 76 525 74 13;info@lorigine.ch;Chocolat;VRAI;acct_1FM9ooEqMZXOnnpV;Boite de chocolats brune / Editions de Noël ou de base
;L'Origine;;Chemin de la Boussateire 4A  s, Le Crêt-près-Semsale, VD 1611 Suisse;0041 76 525 74 13;info@lorigine.ch;Chocolat;VRAI;acct_1FM9ooEqMZXOnnpV;Boite de chocolats  brune /  Editions de Noël ou de base
;L'Origine;;Chemin de la Boussateire 4A  s, Le Crêt-près-Semsale, VD 1611 Suisse;0041 76 525 74 13;info@lorigine.ch;Chocolat;VRAI;acct_1FM9ooEqMZXOnnpV;Boite de chocolats brune / Editions de Noël ou de base
;L'Origine;;Chemin de la Boussateire 4A  s, Le Crêt-près-Semsale, VD 1611 Suisse;0041 76 525 74 13;info@lorigine.ch;Chocolat;VRAI;acct_1FM9ooEqMZXOnnpV;Boite de chocolats 900gr
;L'Origine;;Chemin de la Boussateire 4A  s, Le Crêt-près-Semsale, VD 1611 Suisse;0041 76 525 74 13;info@lorigine.ch;Chocolat;VRAI;acct_1FM9ooEqMZXOnnpV;"Boite de chocolats  Noël  ""ELAN"""
;L'Origine;;Chemin de la Boussateire 4A  s, Le Crêt-près-Semsale, VD 1611 Suisse;0041 76 525 74 13;info@lorigine.ch;Chocolat;VRAI;acct_1FM9ooEqMZXOnnpV;"Boite de chocolats  Noël  ""ETOILE"""
;L'Origine;;Chemin de la Boussateire 4A  s, Le Crêt-près-Semsale, VD 1611 Suisse;0041 76 525 74 13;info@lorigine.ch;Chocolat;VRAI;acct_1FM9ooEqMZXOnnpV;Boite de chocolats Pralinés et chocolats
;L'Origine;;Chemin de la Boussateire 4A  s, Le Crêt-près-Semsale, VD 1611 Suisse;0041 76 525 74 13;info@lorigine.ch;Chocolat;VRAI;acct_1FM9ooEqMZXOnnpV;Boite de chocolats Pralinés et chocolats
;L'Origine;;Chemin de la Boussateire 4A  s, Le Crêt-près-Semsale, VD 1611 Suisse;0041 76 525 74 13;info@lorigine.ch;Chocolat;VRAI;acct_1FM9ooEqMZXOnnpV;Boite de chocolats Pralinés et chocolats
;L'Origine;;Chemin de la Boussateire 4A  s, Le Crêt-près-Semsale, VD 1611 Suisse;0041 76 525 74 13;info@lorigine.ch;Chocolat;VRAI;acct_1FM9ooEqMZXOnnpV;Boite de chocolats Pralinés et chocolats
;L'Origine;;Chemin de la Boussateire 4A  s, Le Crêt-près-Semsale, VD 1611 Suisse;0041 76 525 74 13;info@lorigine.ch;Chocolat;VRAI;acct_1FM9ooEqMZXOnnpV;Boite de chocolats Pralinés et chocolats
;L'Origine;;Chemin de la Boussateire 4A  s, Le Crêt-près-Semsale, VD 1611 Suisse;0041 76 525 74 13;info@lorigine.ch;Chocolat;VRAI;acct_1FM9ooEqMZXOnnpV;Boite de chocolats Pralinés et chocolats
;L'Origine;;Chemin de la Boussateire 4A  s, Le Crêt-près-Semsale, VD 1611 Suisse;0041 76 525 74 13;info@lorigine.ch;Chocolat;VRAI;acct_1FM9ooEqMZXOnnpV;Boite de chocolats Pralinés et chocolats
;L'Origine;;Chemin de la Boussateire 4A  s, Le Crêt-près-Semsale, VD 1611 Suisse;0041 76 525 74 13;info@lorigine.ch;Chocolat;VRAI;acct_1FM9ooEqMZXOnnpV;Boite de chocolats Pralinés et chocolats
;L'Origine;;Chemin de la Boussateire 4A  s, Le Crêt-près-Semsale, VD 1611 Suisse;0041 76 525 74 13;info@lorigine.ch;Chocolat;VRAI;acct_1FM9ooEqMZXOnnpV;Boîte d’orangettes transparente
;L'Origine;;Chemin de la Boussateire 4A  s, Le Crêt-près-Semsale, VD 1611 Suisse;0041 76 525 74 13;info@lorigine.ch;Chocolat;VRAI;acct_1FM9ooEqMZXOnnpV;Boîte d’orangettes transparente
;L'Origine;;Chemin de la Boussateire 4A  s, Le Crêt-près-Semsale, VD 1611 Suisse;0041 76 525 74 13;info@lorigine.ch;;VRAI;acct_1FM9ooEqMZXOnnpV;Amandes enrobées
;L'Origine;;Chemin de la Boussateire 4A  s, Le Crêt-près-Semsale, VD 1611 Suisse;0041 76 525 74 13;info@lorigine.ch;;VRAI;acct_1FM9ooEqMZXOnnpV;Amandes caramélisées
;L'Origine;;Chemin de la Boussateire 4A  s, Le Crêt-près-Semsale, VD 1611 Suisse;0041 76 525 74 13;info@lorigine.ch;;VRAI;acct_1FM9ooEqMZXOnnpV;Amandes apéro salées
;L'Origine;;Chemin de la Boussateire 4A  s, Le Crêt-près-Semsale, VD 1611 Suisse;0041 76 525 74 13;info@lorigine.ch;;VRAI;acct_1FM9ooEqMZXOnnpV;Tablettes mendiants chocolat noir
;L'Origine;;Chemin de la Boussateire 4A  s, Le Crêt-près-Semsale, VD 1611 Suisse;0041 76 525 74 13;info@lorigine.ch;;VRAI;acct_1FM9ooEqMZXOnnpV;Tablettes mendiants chocolat au lait
;L'Origine;;Chemin de la Boussateire 4A  s, Le Crêt-près-Semsale, VD 1611 Suisse;0041 76 525 74 13;info@lorigine.ch;;VRAI;acct_1FM9ooEqMZXOnnpV;Mini tablettes noir,lait, blanc
;L'Origine;;Chemin de la Boussateire 4A  s, Le Crêt-près-Semsale, VD 1611 Suisse;0041 76 525 74 13;info@lorigine.ch;;VRAI;acct_1FM9ooEqMZXOnnpV;Pralinés
;L'Origine;;Chemin de la Boussateire 4A  s, Le Crêt-près-Semsale, VD 1611 Suisse;0041 76 525 74 13;info@lorigine.ch;;VRAI;acct_1FM9ooEqMZXOnnpV;Truffes coco
;L'Origine;;Chemin de la Boussateire 4A  s, Le Crêt-près-Semsale, VD 1611 Suisse;0041 76 525 74 13;info@lorigine.ch;;VRAI;acct_1FM9ooEqMZXOnnpV;Truffes nature
;L'Origine;;Chemin de la Boussateire 4A  s, Le Crêt-près-Semsale, VD 1611 Suisse;0041 76 525 74 13;info@lorigine.ch;;VRAI;acct_1FM9ooEqMZXOnnpV;Meringues chocolatées
;L'Origine;;Chemin de la Boussateire 4A  s, Le Crêt-près-Semsale, VD 1611 Suisse;0041 76 525 74 13;info@lorigine.ch;;VRAI;acct_1FM9ooEqMZXOnnpV;Orangettes
;L'Origine;;Chemin de la Boussateire 4A  s, Le Crêt-près-Semsale, VD 1611 Suisse;0041 76 525 74 13;info@lorigine.ch;;VRAI;acct_1FM9ooEqMZXOnnpV;Boite de chocolats 100gr
;L'Origine;;Chemin de la Boussateire 4A  s, Le Crêt-près-Semsale, VD 1611 Suisse;0041 76 525 74 13;info@lorigine.ch;;VRAI;acct_1FM9ooEqMZXOnnpV;Boite de chocolats 150gr
;L'Origine;;Chemin de la Boussateire 4A  s, Le Crêt-près-Semsale, VD 1611 Suisse;0041 76 525 74 13;info@lorigine.ch;;VRAI;acct_1FM9ooEqMZXOnnpV;Boite de chocolats 250gr
;L'Origine;;Chemin de la Boussateire 4A  s, Le Crêt-près-Semsale, VD 1611 Suisse;0041 76 525 74 13;info@lorigine.ch;;VRAI;acct_1FM9ooEqMZXOnnpV;Boite de chocolats 500gr
;L'Origine;;Chemin de la Boussateire 4A  s, Le Crêt-près-Semsale, VD 1611 Suisse;0041 76 525 74 13;info@lorigine.ch;;VRAI;acct_1FM9ooEqMZXOnnpV;Boite de chocolats 900gr
;L'Origine;;Chemin de la Boussateire 4A  s, Le Crêt-près-Semsale, VD 1611 Suisse;0041 76 525 74 13;info@lorigine.ch;;VRAI;acct_1FM9ooEqMZXOnnpV;"Boite de chocolats  Noël  ""ELAN"""
;L'Origine;;Chemin de la Boussateire 4A  s, Le Crêt-près-Semsale, VD 1611 Suisse;0041 76 525 74 13;info@lorigine.ch;;VRAI;acct_1FM9ooEqMZXOnnpV;"Boite de chocolats  Noël  ""ETOILE"""
;L'Origine;;Chemin de la Boussateire 4A  s, Le Crêt-près-Semsale, VD 1611 Suisse;0041 76 525 74 13;info@lorigine.ch;;VRAI;acct_1FM9ooEqMZXOnnpV;Boite de chocolats Pralinés et chocolats
;L'Origine;;Chemin de la Boussateire 4A  s, Le Crêt-près-Semsale, VD 1611 Suisse;0041 76 525 74 13;info@lorigine.ch;;VRAI;acct_1FM9ooEqMZXOnnpV;Boite de chocolats Pralinés et chocolats
;L'Origine;;Chemin de la Boussateire 4A  s, Le Crêt-près-Semsale, VD 1611 Suisse;0041 76 525 74 13;info@lorigine.ch;;VRAI;acct_1FM9ooEqMZXOnnpV;Boite de chocolats Pralinés et chocolats
;L'Origine;;Chemin de la Boussateire 4A  s, Le Crêt-près-Semsale, VD 1611 Suisse;0041 76 525 74 13;info@lorigine.ch;;VRAI;acct_1FM9ooEqMZXOnnpV;Boite de chocolats Pralinés et chocolats
;L'Origine;;Chemin de la Boussateire 4A  s, Le Crêt-près-Semsale, VD 1611 Suisse;0041 76 525 74 13;info@lorigine.ch;;VRAI;acct_1FM9ooEqMZXOnnpV;Boite de chocolats Pralinés et chocolats
;L'Origine;;Chemin de la Boussateire 4A  s, Le Crêt-près-Semsale, VD 1611 Suisse;0041 76 525 74 13;info@lorigine.ch;;VRAI;acct_1FM9ooEqMZXOnnpV;Boite de chocolats Pralinés et chocolats
;L'Origine;;Chemin de la Boussateire 4A  s, Le Crêt-près-Semsale, VD 1611 Suisse;0041 76 525 74 13;info@lorigine.ch;;VRAI;acct_1FM9ooEqMZXOnnpV;Boite de chocolats Pralinés et chocolats
;L'Origine;;Chemin de la Boussateire 4A  s, Le Crêt-près-Semsale, VD 1611 Suisse;0041 76 525 74 13;info@lorigine.ch;;VRAI;acct_1FM9ooEqMZXOnnpV;Boite de chocolats Pralinés et chocolats
;L'Origine;;Chemin de la Boussateire 4A  s, Le Crêt-près-Semsale, VD 1611 Suisse;0041 76 525 74 13;info@lorigine.ch;;VRAI;acct_1FM9ooEqMZXOnnpV;Boîte d’orangettes transparente
;L'Origine;;Chemin de la Boussateire 4A  s, Le Crêt-près-Semsale, VD 1611 Suisse;0041 76 525 74 13;info@lorigine.ch;;VRAI;acct_1FM9ooEqMZXOnnpV;Boîte d’orangettes transparente
;L'Origine;;Chemin de la Boussateire 4A  s, Le Crêt-près-Semsale, VD 1611 Suisse;0041 76 525 74 13;info@lorigine.ch;Chocolat;VRAI;acct_1FM9ooEqMZXOnnpV;Amandes enrobées en cornet
;L'Origine;;Chemin de la Boussateire 4A  s, Le Crêt-près-Semsale, VD 1611 Suisse;0041 76 525 74 13;info@lorigine.ch;Chocolat;VRAI;acct_1FM9ooEqMZXOnnpV;Amandes caramélisées en cornet
;L'Origine;;Chemin de la Boussateire 4A  s, Le Crêt-près-Semsale, VD 1611 Suisse;0041 76 525 74 13;info@lorigine.ch;Chocolat;VRAI;acct_1FM9ooEqMZXOnnpV;Amandes apéro salées en cornet
;L'Origine;;Chemin de la Boussateire 4A  s, Le Crêt-près-Semsale, VD 1611 Suisse;0041 76 525 74 13;info@lorigine.ch;Chocolat;VRAI;acct_1FM9ooEqMZXOnnpV;Tablette chocolat
;L'Origine;;Chemin de la Boussateire 4A  s, Le Crêt-près-Semsale, VD 1611 Suisse;0041 76 525 74 13;info@lorigine.ch;Chocolat;VRAI;acct_1FM9ooEqMZXOnnpV;Meringues chocolatées en sachet
;L'Origine;;Chemin de la Boussateire 4A  s, Le Crêt-près-Semsale, VD 1611 Suisse;0041 76 525 74 13;info@lorigine.ch;Chocolat;VRAI;acct_1FM9ooEqMZXOnnpV;Orangettes paquet de 300 gr
;L'Origine;;Chemin de la Boussateire 4A  s, Le Crêt-près-Semsale, VD 1611 Suisse;0041 76 525 74 13;info@lorigine.ch;Chocolat;VRAI;acct_1FM9ooEqMZXOnnpV;Boite découverte
;L'Origine;;Chemin de la Boussateire 4A  s, Le Crêt-près-Semsale, VD 1611 Suisse;0041 76 525 74 13;info@lorigine.ch;Chocolat;VRAI;acct_1FM9ooEqMZXOnnpV;Petite boite avec 4 chocolats
;L'Origine;;Chemin de la Boussateire 4A  s, Le Crêt-près-Semsale, VD 1611 Suisse;0041 76 525 74 13;info@lorigine.ch;Chocolat;VRAI;acct_1FM9ooEqMZXOnnpV;Truffes coco ou nature 100 gr
;L'Origine;;Chemin de la Boussateire 4A  s, Le Crêt-près-Semsale, VD 1611 Suisse;0041 76 525 74 13;info@lorigine.ch;Chocolat;VRAI;acct_1FM9ooEqMZXOnnpV;Truffes coco ou nature 150 gr
;L'Origine;;Chemin de la Boussateire 4A  s, Le Crêt-près-Semsale, VD 1611 Suisse;0041 76 525 74 13;info@lorigine.ch;Chocolat;VRAI;acct_1FM9ooEqMZXOnnpV;Truffes coco ou nature 250 gr
;L'Origine;;Chemin de la Boussateire 4A  s, Le Crêt-près-Semsale, VD 1611 Suisse;0041 76 525 74 13;info@lorigine.ch;Chocolat;VRAI;acct_1FM9ooEqMZXOnnpV;Truffes coco ou nature 360 gr
;L'Origine;;Chemin de la Boussateire 4A  s, Le Crêt-près-Semsale, VD 1611 Suisse;0041 76 525 74 13;info@lorigine.ch;Chocolat;VRAI;acct_1FM9ooEqMZXOnnpV;Truffes coco ou nature  500gr
;L'Origine;;Chemin de la Boussateire 4A  s, Le Crêt-près-Semsale, VD 1611 Suisse;0041 76 525 74 13;info@lorigine.ch;Chocolat (en promotion);VRAI;acct_1FM9ooEqMZXOnnpV;Amandes enrobées
;L'Origine;;Chemin de la Boussateire 4A  s, Le Crêt-près-Semsale, VD 1611 Suisse;0041 76 525 74 13;info@lorigine.ch;Chocolat (en promotion);VRAI;acct_1FM9ooEqMZXOnnpV;Amandes caramélisées
;L'Origine;;Chemin de la Boussateire 4A  s, Le Crêt-près-Semsale, VD 1611 Suisse;0041 76 525 74 13;info@lorigine.ch;Chocolat (en promotion);VRAI;acct_1FM9ooEqMZXOnnpV;Amandes apéro salées
;L'Origine;;Chemin de la Boussateire 4A  s, Le Crêt-près-Semsale, VD 1611 Suisse;0041 76 525 74 13;info@lorigine.ch;Chocolat (en promotion);VRAI;acct_1FM9ooEqMZXOnnpV;Tablettes mendiants chocolat noir
;L'Origine;;Chemin de la Boussateire 4A  s, Le Crêt-près-Semsale, VD 1611 Suisse;0041 76 525 74 13;info@lorigine.ch;Chocolat (en promotion);VRAI;acct_1FM9ooEqMZXOnnpV;Tablettes mendiants chocolat noir ou lait
;L'Origine;;Chemin de la Boussateire 4A  s, Le Crêt-près-Semsale, VD 1611 Suisse;0041 76 525 74 13;info@lorigine.ch;Chocolat (en promotion);VRAI;acct_1FM9ooEqMZXOnnpV;Mini tablette noir ou lait ou blanc
;L'Origine;;Chemin de la Boussateire 4A  s, Le Crêt-près-Semsale, VD 1611 Suisse;0041 76 525 74 13;info@lorigine.ch;Chocolat (en promotion);VRAI;acct_1FM9ooEqMZXOnnpV;Pralinés
;L'Origine;;Chemin de la Boussateire 4A  s, Le Crêt-près-Semsale, VD 1611 Suisse;0041 76 525 74 13;info@lorigine.ch;Chocolat (en promotion);VRAI;acct_1FM9ooEqMZXOnnpV;Meringues chocolatées
;L'Origine;;Chemin de la Boussateire 4A  s, Le Crêt-près-Semsale, VD 1611 Suisse;0041 76 525 74 13;info@lorigine.ch;Chocolat (en promotion);VRAI;acct_1FM9ooEqMZXOnnpV;Orangettes
;L'Origine;;Chemin de la Boussateire 4A  s, Le Crêt-près-Semsale, VD 1611 Suisse;0041 76 525 74 13;info@lorigine.ch;Chocolat (en promotion);VRAI;acct_1FM9ooEqMZXOnnpV;Boite de chocolats 100gr
;L'Origine;;Chemin de la Boussateire 4A  s, Le Crêt-près-Semsale, VD 1611 Suisse;0041 76 525 74 13;info@lorigine.ch;Chocolat (en promotion);VRAI;acct_1FM9ooEqMZXOnnpV;Boite de chocolats 150gr
;L'Origine;;Chemin de la Boussateire 4A  s, Le Crêt-près-Semsale, VD 1611 Suisse;0041 76 525 74 13;info@lorigine.ch;Chocolat (en promotion);VRAI;acct_1FM9ooEqMZXOnnpV;Boite de chocolats 250gr
;L'Origine;;Chemin de la Boussateire 4A  s, Le Crêt-près-Semsale, VD 1611 Suisse;0041 76 525 74 13;info@lorigine.ch;Chocolat (en promotion);VRAI;acct_1FM9ooEqMZXOnnpV;Boite de chocolats 500gr
;L'Origine;;Chemin de la Boussateire 4A  s, Le Crêt-près-Semsale, VD 1611 Suisse;0041 76 525 74 13;info@lorigine.ch;Chocolat (en promotion);VRAI;acct_1FM9ooEqMZXOnnpV;Boite de chocolats 900gr
;L'Origine;;Chemin de la Boussateire 4A  s, Le Crêt-près-Semsale, VD 1611 Suisse;0041 76 525 74 13;info@lorigine.ch;Chocolat (en promotion);VRAI;acct_1FM9ooEqMZXOnnpV;"Boite de chocolats  Noël  ""ELAN"""
;L'Origine;;Chemin de la Boussateire 4A  s, Le Crêt-près-Semsale, VD 1611 Suisse;0041 76 525 74 13;info@lorigine.ch;Chocolat (en promotion);VRAI;acct_1FM9ooEqMZXOnnpV;"Boite de chocolats  Noël  ""ETOILE"""
;L'Origine;;Chemin de la Boussateire 4A  s, Le Crêt-près-Semsale, VD 1611 Suisse;0041 76 525 74 13;info@lorigine.ch;Chocolat (en promotion);VRAI;acct_1FM9ooEqMZXOnnpV;Boite de chocolats Pralinés et chocolats
;L'Origine;;Chemin de la Boussateire 4A  s, Le Crêt-près-Semsale, VD 1611 Suisse;0041 76 525 74 13;info@lorigine.ch;Chocolat (en promotion);VRAI;acct_1FM9ooEqMZXOnnpV;Boite de chocolats Pralinés et chocolats
;L'Origine;;Chemin de la Boussateire 4A  s, Le Crêt-près-Semsale, VD 1611 Suisse;0041 76 525 74 13;info@lorigine.ch;Chocolat (en promotion);VRAI;acct_1FM9ooEqMZXOnnpV;Boite de chocolats Pralinés et chocolats
;L'Origine;;Chemin de la Boussateire 4A  s, Le Crêt-près-Semsale, VD 1611 Suisse;0041 76 525 74 13;info@lorigine.ch;Chocolat (en promotion);VRAI;acct_1FM9ooEqMZXOnnpV;Boite de chocolats Pralinés et chocolats
;L'Origine;;Chemin de la Boussateire 4A  s, Le Crêt-près-Semsale, VD 1611 Suisse;0041 76 525 74 13;info@lorigine.ch;Chocolat (en promotion);VRAI;acct_1FM9ooEqMZXOnnpV;Boite de chocolats Pralinés et chocolats
;L'Origine;;Chemin de la Boussateire 4A  s, Le Crêt-près-Semsale, VD 1611 Suisse;0041 76 525 74 13;info@lorigine.ch;Chocolat (en promotion);VRAI;acct_1FM9ooEqMZXOnnpV;Boite de chocolats Pralinés et chocolats
;L'Origine;;Chemin de la Boussateire 4A  s, Le Crêt-près-Semsale, VD 1611 Suisse;0041 76 525 74 13;info@lorigine.ch;Chocolat (en promotion);VRAI;acct_1FM9ooEqMZXOnnpV;Boite de chocolats Pralinés et chocolats
;L'Origine;;Chemin de la Boussateire 4A  s, Le Crêt-près-Semsale, VD 1611 Suisse;0041 76 525 74 13;info@lorigine.ch;Chocolat (en promotion);VRAI;acct_1FM9ooEqMZXOnnpV;Boite de chocolats Pralinés et chocolats
;L'Origine;;Chemin de la Boussateire 4A  s, Le Crêt-près-Semsale, VD 1611 Suisse;0041 76 525 74 13;info@lorigine.ch;Chocolat (en promotion);VRAI;acct_1FM9ooEqMZXOnnpV;Boîte d’orangettes transparente
;L'Origine;;Chemin de la Boussateire 4A  s, Le Crêt-près-Semsale, VD 1611 Suisse;0041 76 525 74 13;info@lorigine.ch;Chocolat (en promotion);VRAI;acct_1FM9ooEqMZXOnnpV;Boîte d’orangettes transparente
;L'Origine;;Chemin de la Boussateire 4A  s, Le Crêt-près-Semsale, VD 1611 Suisse;0041 76 525 74 13;info@lorigine.ch;Chocolat (en promotion);VRAI;acct_1FM9ooEqMZXOnnpV;Amandes enrobées en cornet
;L'Origine;;Chemin de la Boussateire 4A  s, Le Crêt-près-Semsale, VD 1611 Suisse;0041 76 525 74 13;info@lorigine.ch;Chocolat (en promotion);VRAI;acct_1FM9ooEqMZXOnnpV;Amandes caramélisées en cornet
;L'Origine;;Chemin de la Boussateire 4A  s, Le Crêt-près-Semsale, VD 1611 Suisse;0041 76 525 74 13;info@lorigine.ch;Chocolat (en promotion);VRAI;acct_1FM9ooEqMZXOnnpV;Amandes apéro salées en cornet
;L'Origine;;Chemin de la Boussateire 4A  s, Le Crêt-près-Semsale, VD 1611 Suisse;0041 76 525 74 13;info@lorigine.ch;Chocolat (en promotion);VRAI;acct_1FM9ooEqMZXOnnpV;Tablette chocolat
;L'Origine;;Chemin de la Boussateire 4A  s, Le Crêt-près-Semsale, VD 1611 Suisse;0041 76 525 74 13;info@lorigine.ch;Chocolat (en promotion);VRAI;acct_1FM9ooEqMZXOnnpV;Meringues chocolatées en sachet
;L'Origine;;Chemin de la Boussateire 4A  s, Le Crêt-près-Semsale, VD 1611 Suisse;0041 76 525 74 13;info@lorigine.ch;Chocolat (en promotion);VRAI;acct_1FM9ooEqMZXOnnpV;Orangettes paquet de 300 gr
;L'Origine;;Chemin de la Boussateire 4A  s, Le Crêt-près-Semsale, VD 1611 Suisse;0041 76 525 74 13;info@lorigine.ch;Chocolat (en promotion);VRAI;acct_1FM9ooEqMZXOnnpV;Boite découverte
;L'Origine;;Chemin de la Boussateire 4A  s, Le Crêt-près-Semsale, VD 1611 Suisse;0041 76 525 74 13;info@lorigine.ch;Chocolat (en promotion);VRAI;acct_1FM9ooEqMZXOnnpV;Petite boite avec 4 chocolats
;L'Origine;;Chemin de la Boussateire 4A  s, Le Crêt-près-Semsale, VD 1611 Suisse;0041 76 525 74 13;info@lorigine.ch;Chocolat (en promotion);VRAI;acct_1FM9ooEqMZXOnnpV;Truffes coco ou nature 100 gr
;L'Origine;;Chemin de la Boussateire 4A  s, Le Crêt-près-Semsale, VD 1611 Suisse;0041 76 525 74 13;info@lorigine.ch;Chocolat (en promotion);VRAI;acct_1FM9ooEqMZXOnnpV;Truffes coco ou nature 150 gr
;L'Origine;;Chemin de la Boussateire 4A  s, Le Crêt-près-Semsale, VD 1611 Suisse;0041 76 525 74 13;info@lorigine.ch;Chocolat (en promotion);VRAI;acct_1FM9ooEqMZXOnnpV;Truffes coco ou nature 250 gr
;L'Origine;;Chemin de la Boussateire 4A  s, Le Crêt-près-Semsale, VD 1611 Suisse;0041 76 525 74 13;info@lorigine.ch;Chocolat (en promotion);VRAI;acct_1FM9ooEqMZXOnnpV;Truffes coco ou nature 360 gr
;L'Origine;;Chemin de la Boussateire 4A  s, Le Crêt-près-Semsale, VD 1611 Suisse;0041 76 525 74 13;info@lorigine.ch;Chocolat (en promotion);VRAI;acct_1FM9ooEqMZXOnnpV;Truffes coco ou nature  500gr
;L'Origine;;Chemin de la Boussateire 4A  s, Le Crêt-près-Semsale, VD 1611 Suisse;0041 76 525 74 13;info@lorigine.ch;Chocolat;VRAI;acct_1FM9ooEqMZXOnnpV;Boite de chocolats  Noël
;L'Origine;;Chemin de la Boussateire 4A  s, Le Crêt-près-Semsale, VD 1611 Suisse;0041 76 525 74 13;info@lorigine.ch;;VRAI;acct_1FM9ooEqMZXOnnpV;Amandes enrobées
;L'Origine;;Chemin de la Boussateire 4A  s, Le Crêt-près-Semsale, VD 1611 Suisse;0041 76 525 74 13;info@lorigine.ch;;VRAI;acct_1FM9ooEqMZXOnnpV;Amandes caramélisées
;L'Origine;;Chemin de la Boussateire 4A  s, Le Crêt-près-Semsale, VD 1611 Suisse;0041 76 525 74 13;info@lorigine.ch;;VRAI;acct_1FM9ooEqMZXOnnpV;Amandes apéro salées
;L'Origine;;Chemin de la Boussateire 4A  s, Le Crêt-près-Semsale, VD 1611 Suisse;0041 76 525 74 13;info@lorigine.ch;;VRAI;acct_1FM9ooEqMZXOnnpV;Tablettes mendiants chocolat noir
;L'Origine;;Chemin de la Boussateire 4A  s, Le Crêt-près-Semsale, VD 1611 Suisse;0041 76 525 74 13;info@lorigine.ch;;VRAI;acct_1FM9ooEqMZXOnnpV;Tablettes mendiants chocolat noir ou lait
;L'Origine;;Chemin de la Boussateire 4A  s, Le Crêt-près-Semsale, VD 1611 Suisse;0041 76 525 74 13;info@lorigine.ch;;VRAI;acct_1FM9ooEqMZXOnnpV;Mini tablette noir ou lait ou blanc
;L'Origine;;Chemin de la Boussateire 4A  s, Le Crêt-près-Semsale, VD 1611 Suisse;0041 76 525 74 13;info@lorigine.ch;;VRAI;acct_1FM9ooEqMZXOnnpV;Pralinés
;L'Origine;;Chemin de la Boussateire 4A  s, Le Crêt-près-Semsale, VD 1611 Suisse;0041 76 525 74 13;info@lorigine.ch;;VRAI;acct_1FM9ooEqMZXOnnpV;Meringues chocolatées
;L'Origine;;Chemin de la Boussateire 4A  s, Le Crêt-près-Semsale, VD 1611 Suisse;0041 76 525 74 13;info@lorigine.ch;;VRAI;acct_1FM9ooEqMZXOnnpV;Orangettes
;L'Origine;;Chemin de la Boussateire 4A  s, Le Crêt-près-Semsale, VD 1611 Suisse;0041 76 525 74 13;info@lorigine.ch;;VRAI;acct_1FM9ooEqMZXOnnpV;Boite de chocolats brune / Editions de Noël ou de base
;L'Origine;;Chemin de la Boussateire 4A  s, Le Crêt-près-Semsale, VD 1611 Suisse;0041 76 525 74 13;info@lorigine.ch;;VRAI;acct_1FM9ooEqMZXOnnpV;Boite de chocolats brune / Editions de Noël ou de base
;L'Origine;;Chemin de la Boussateire 4A  s, Le Crêt-près-Semsale, VD 1611 Suisse;0041 76 525 74 13;info@lorigine.ch;;VRAI;acct_1FM9ooEqMZXOnnpV;Boite de chocolats  brune /  Editions de Noël ou de base
;L'Origine;;Chemin de la Boussateire 4A  s, Le Crêt-près-Semsale, VD 1611 Suisse;0041 76 525 74 13;info@lorigine.ch;;VRAI;acct_1FM9ooEqMZXOnnpV;Boite de chocolats 500gr
;L'Origine;;Chemin de la Boussateire 4A  s, Le Crêt-près-Semsale, VD 1611 Suisse;0041 76 525 74 13;info@lorigine.ch;;VRAI;acct_1FM9ooEqMZXOnnpV;Boite de chocolats 900gr
;L'Origine;;Chemin de la Boussateire 4A  s, Le Crêt-près-Semsale, VD 1611 Suisse;0041 76 525 74 13;info@lorigine.ch;;VRAI;acct_1FM9ooEqMZXOnnpV;"Boite de chocolats  Noël  ""ELAN"""
;L'Origine;;Chemin de la Boussateire 4A  s, Le Crêt-près-Semsale, VD 1611 Suisse;0041 76 525 74 13;info@lorigine.ch;;VRAI;acct_1FM9ooEqMZXOnnpV;"Boite de chocolats  Noël  ""ETOILE"""
;L'Origine;;Chemin de la Boussateire 4A  s, Le Crêt-près-Semsale, VD 1611 Suisse;0041 76 525 74 13;info@lorigine.ch;;VRAI;acct_1FM9ooEqMZXOnnpV;Boite de chocolats Pralinés et chocolats
;L'Origine;;Chemin de la Boussateire 4A  s, Le Crêt-près-Semsale, VD 1611 Suisse;0041 76 525 74 13;info@lorigine.ch;;VRAI;acct_1FM9ooEqMZXOnnpV;Boite de chocolats Pralinés et chocolats
;L'Origine;;Chemin de la Boussateire 4A  s, Le Crêt-près-Semsale, VD 1611 Suisse;0041 76 525 74 13;info@lorigine.ch;;VRAI;acct_1FM9ooEqMZXOnnpV;Boite de chocolats Pralinés et chocolats
;L'Origine;;Chemin de la Boussateire 4A  s, Le Crêt-près-Semsale, VD 1611 Suisse;0041 76 525 74 13;info@lorigine.ch;;VRAI;acct_1FM9ooEqMZXOnnpV;Boite de chocolats Pralinés et chocolats
;L'Origine;;Chemin de la Boussateire 4A  s, Le Crêt-près-Semsale, VD 1611 Suisse;0041 76 525 74 13;info@lorigine.ch;;VRAI;acct_1FM9ooEqMZXOnnpV;Boite de chocolats Pralinés et chocolats
;L'Origine;;Chemin de la Boussateire 4A  s, Le Crêt-près-Semsale, VD 1611 Suisse;0041 76 525 74 13;info@lorigine.ch;;VRAI;acct_1FM9ooEqMZXOnnpV;Boite de chocolats Pralinés et chocolats
;L'Origine;;Chemin de la Boussateire 4A  s, Le Crêt-près-Semsale, VD 1611 Suisse;0041 76 525 74 13;info@lorigine.ch;;VRAI;acct_1FM9ooEqMZXOnnpV;Boite de chocolats Pralinés et chocolats
;L'Origine;;Chemin de la Boussateire 4A  s, Le Crêt-près-Semsale, VD 1611 Suisse;0041 76 525 74 13;info@lorigine.ch;;VRAI;acct_1FM9ooEqMZXOnnpV;Boite de chocolats Pralinés et chocolats
;L'Origine;;Chemin de la Boussateire 4A  s, Le Crêt-près-Semsale, VD 1611 Suisse;0041 76 525 74 13;info@lorigine.ch;;VRAI;acct_1FM9ooEqMZXOnnpV;Boîte d’orangettes transparente
;L'Origine;;Chemin de la Boussateire 4A  s, Le Crêt-près-Semsale, VD 1611 Suisse;0041 76 525 74 13;info@lorigine.ch;;VRAI;acct_1FM9ooEqMZXOnnpV;Boîte d’orangettes transparente
;L'Origine;;Chemin de la Boussateire 4A  s, Le Crêt-près-Semsale, VD 1611 Suisse;0041 76 525 74 13;info@lorigine.ch;;VRAI;acct_1FM9ooEqMZXOnnpV;Amandes enrobées en cornet
;L'Origine;;Chemin de la Boussateire 4A  s, Le Crêt-près-Semsale, VD 1611 Suisse;0041 76 525 74 13;info@lorigine.ch;;VRAI;acct_1FM9ooEqMZXOnnpV;Amandes caramélisées en cornet
;L'Origine;;Chemin de la Boussateire 4A  s, Le Crêt-près-Semsale, VD 1611 Suisse;0041 76 525 74 13;info@lorigine.ch;;VRAI;acct_1FM9ooEqMZXOnnpV;Amandes apéro salées en cornet
;L'Origine;;Chemin de la Boussateire 4A  s, Le Crêt-près-Semsale, VD 1611 Suisse;0041 76 525 74 13;info@lorigine.ch;;VRAI;acct_1FM9ooEqMZXOnnpV;Tablette chocolat
;L'Origine;;Chemin de la Boussateire 4A  s, Le Crêt-près-Semsale, VD 1611 Suisse;0041 76 525 74 13;info@lorigine.ch;;VRAI;acct_1FM9ooEqMZXOnnpV;Meringues chocolatées en sachet
;L'Origine;;Chemin de la Boussateire 4A  s, Le Crêt-près-Semsale, VD 1611 Suisse;0041 76 525 74 13;info@lorigine.ch;;VRAI;acct_1FM9ooEqMZXOnnpV;Orangettes paquet de 300 gr
;L'Origine;;Chemin de la Boussateire 4A  s, Le Crêt-près-Semsale, VD 1611 Suisse;0041 76 525 74 13;info@lorigine.ch;;VRAI;acct_1FM9ooEqMZXOnnpV;Boite découverte
;L'Origine;;Chemin de la Boussateire 4A  s, Le Crêt-près-Semsale, VD 1611 Suisse;0041 76 525 74 13;info@lorigine.ch;;VRAI;acct_1FM9ooEqMZXOnnpV;Petite boite avec 4 chocolats
;L'Origine;;Chemin de la Boussateire 4A  s, Le Crêt-près-Semsale, VD 1611 Suisse;0041 76 525 74 13;info@lorigine.ch;;VRAI;acct_1FM9ooEqMZXOnnpV;Truffes coco ou nature 100 gr
;L'Origine;;Chemin de la Boussateire 4A  s, Le Crêt-près-Semsale, VD 1611 Suisse;0041 76 525 74 13;info@lorigine.ch;;VRAI;acct_1FM9ooEqMZXOnnpV;Truffes coco ou nature 150 gr
;L'Origine;;Chemin de la Boussateire 4A  s, Le Crêt-près-Semsale, VD 1611 Suisse;0041 76 525 74 13;info@lorigine.ch;;VRAI;acct_1FM9ooEqMZXOnnpV;Truffes coco ou nature 250 gr
;L'Origine;;Chemin de la Boussateire 4A  s, Le Crêt-près-Semsale, VD 1611 Suisse;0041 76 525 74 13;info@lorigine.ch;;VRAI;acct_1FM9ooEqMZXOnnpV;Truffes coco ou nature 360 gr
;L'Origine;;Chemin de la Boussateire 4A  s, Le Crêt-près-Semsale, VD 1611 Suisse;0041 76 525 74 13;info@lorigine.ch;;VRAI;acct_1FM9ooEqMZXOnnpV;Truffes coco ou nature  500gr
;L'Origine;;Chemin de la Boussateire 4A  s, Le Crêt-près-Semsale, VD 1611 Suisse;0041 76 525 74 13;info@lorigine.ch;;VRAI;acct_1FM9ooEqMZXOnnpV;Boite de chocolats  Noël
;L'Origine;;Chemin de la Boussateire 4A  s, Le Crêt-près-Semsale, VD 1611 Suisse;0041 76 525 74 13;info@lorigine.ch;Chocolat;VRAI;acct_1FM9ooEqMZXOnnpV;"Boite de chocolats  Noël  ""ETOILE"""
;L'Origine;;Chemin de la Boussateire 4A  s, Le Crêt-près-Semsale, VD 1611 Suisse;0041 76 525 74 13;info@lorigine.ch;Chocolats (en promotion);VRAI;acct_1FM9ooEqMZXOnnpV;Amandes enrobées
;L'Origine;;Chemin de la Boussateire 4A  s, Le Crêt-près-Semsale, VD 1611 Suisse;0041 76 525 74 13;info@lorigine.ch;Chocolats (en promotion);VRAI;acct_1FM9ooEqMZXOnnpV;Amandes caramélisées
;L'Origine;;Chemin de la Boussateire 4A  s, Le Crêt-près-Semsale, VD 1611 Suisse;0041 76 525 74 13;info@lorigine.ch;Chocolats (en promotion);VRAI;acct_1FM9ooEqMZXOnnpV;Amandes apéro salées
;L'Origine;;Chemin de la Boussateire 4A  s, Le Crêt-près-Semsale, VD 1611 Suisse;0041 76 525 74 13;info@lorigine.ch;Chocolats (en promotion);VRAI;acct_1FM9ooEqMZXOnnpV;Tablettes mendiants chocolat noir
;L'Origine;;Chemin de la Boussateire 4A  s, Le Crêt-près-Semsale, VD 1611 Suisse;0041 76 525 74 13;info@lorigine.ch;Chocolats (en promotion);VRAI;acct_1FM9ooEqMZXOnnpV;Tablettes mendiants chocolat noir ou lait
;L'Origine;;Chemin de la Boussateire 4A  s, Le Crêt-près-Semsale, VD 1611 Suisse;0041 76 525 74 13;info@lorigine.ch;Chocolats (en promotion);VRAI;acct_1FM9ooEqMZXOnnpV;Mini tablette noir ou lait ou blanc
;L'Origine;;Chemin de la Boussateire 4A  s, Le Crêt-près-Semsale, VD 1611 Suisse;0041 76 525 74 13;info@lorigine.ch;Chocolats (en promotion);VRAI;acct_1FM9ooEqMZXOnnpV;Pralinés
;L'Origine;;Chemin de la Boussateire 4A  s, Le Crêt-près-Semsale, VD 1611 Suisse;0041 76 525 74 13;info@lorigine.ch;Chocolats (en promotion);VRAI;acct_1FM9ooEqMZXOnnpV;Meringues chocolatées
;L'Origine;;Chemin de la Boussateire 4A  s, Le Crêt-près-Semsale, VD 1611 Suisse;0041 76 525 74 13;info@lorigine.ch;Chocolats (en promotion);VRAI;acct_1FM9ooEqMZXOnnpV;Orangettes
;L'Origine;;Chemin de la Boussateire 4A  s, Le Crêt-près-Semsale, VD 1611 Suisse;0041 76 525 74 13;info@lorigine.ch;Chocolats (en promotion);VRAI;acct_1FM9ooEqMZXOnnpV;Boite de chocolats brune / Editions de Noël ou de base
;L'Origine;;Chemin de la Boussateire 4A  s, Le Crêt-près-Semsale, VD 1611 Suisse;0041 76 525 74 13;info@lorigine.ch;Chocolats (en promotion);VRAI;acct_1FM9ooEqMZXOnnpV;Boite de chocolats brune / Editions de Noël ou de base
;L'Origine;;Chemin de la Boussateire 4A  s, Le Crêt-près-Semsale, VD 1611 Suisse;0041 76 525 74 13;info@lorigine.ch;Chocolats (en promotion);VRAI;acct_1FM9ooEqMZXOnnpV;Boite de chocolats  brune /  Editions de Noël ou de base
;L'Origine;;Chemin de la Boussateire 4A  s, Le Crêt-près-Semsale, VD 1611 Suisse;0041 76 525 74 13;info@lorigine.ch;Chocolats (en promotion);VRAI;acct_1FM9ooEqMZXOnnpV;Boite de chocolats brune / Editions de Noël ou de base
;L'Origine;;Chemin de la Boussateire 4A  s, Le Crêt-près-Semsale, VD 1611 Suisse;0041 76 525 74 13;info@lorigine.ch;Chocolats (en promotion);VRAI;acct_1FM9ooEqMZXOnnpV;Boite de chocolats 900gr
;L'Origine;;Chemin de la Boussateire 4A  s, Le Crêt-près-Semsale, VD 1611 Suisse;0041 76 525 74 13;info@lorigine.ch;Chocolats (en promotion);VRAI;acct_1FM9ooEqMZXOnnpV;"Boite de chocolats  Noël  ""ELAN"""
;L'Origine;;Chemin de la Boussateire 4A  s, Le Crêt-près-Semsale, VD 1611 Suisse;0041 76 525 74 13;info@lorigine.ch;Chocolats (en promotion);VRAI;acct_1FM9ooEqMZXOnnpV;"Boite de chocolats  Noël  ""ETOILE"""
;L'Origine;;Chemin de la Boussateire 4A  s, Le Crêt-près-Semsale, VD 1611 Suisse;0041 76 525 74 13;info@lorigine.ch;Chocolats (en promotion);VRAI;acct_1FM9ooEqMZXOnnpV;Boite de chocolats Pralinés et chocolats
;L'Origine;;Chemin de la Boussateire 4A  s, Le Crêt-près-Semsale, VD 1611 Suisse;0041 76 525 74 13;info@lorigine.ch;Chocolats (en promotion);VRAI;acct_1FM9ooEqMZXOnnpV;Boite de chocolats Pralinés et chocolats
;L'Origine;;Chemin de la Boussateire 4A  s, Le Crêt-près-Semsale, VD 1611 Suisse;0041 76 525 74 13;info@lorigine.ch;Chocolats (en promotion);VRAI;acct_1FM9ooEqMZXOnnpV;Boite de chocolats Pralinés et chocolats
;L'Origine;;Chemin de la Boussateire 4A  s, Le Crêt-près-Semsale, VD 1611 Suisse;0041 76 525 74 13;info@lorigine.ch;Chocolats (en promotion);VRAI;acct_1FM9ooEqMZXOnnpV;Boite de chocolats Pralinés et chocolats
;L'Origine;;Chemin de la Boussateire 4A  s, Le Crêt-près-Semsale, VD 1611 Suisse;0041 76 525 74 13;info@lorigine.ch;Chocolats (en promotion);VRAI;acct_1FM9ooEqMZXOnnpV;Boite de chocolats Pralinés et chocolats
;L'Origine;;Chemin de la Boussateire 4A  s, Le Crêt-près-Semsale, VD 1611 Suisse;0041 76 525 74 13;info@lorigine.ch;Chocolats (en promotion);VRAI;acct_1FM9ooEqMZXOnnpV;Boite de chocolats Pralinés et chocolats
;L'Origine;;Chemin de la Boussateire 4A  s, Le Crêt-près-Semsale, VD 1611 Suisse;0041 76 525 74 13;info@lorigine.ch;Chocolats (en promotion);VRAI;acct_1FM9ooEqMZXOnnpV;Boite de chocolats Pralinés et chocolats
;L'Origine;;Chemin de la Boussateire 4A  s, Le Crêt-près-Semsale, VD 1611 Suisse;0041 76 525 74 13;info@lorigine.ch;Chocolats (en promotion);VRAI;acct_1FM9ooEqMZXOnnpV;Boite de chocolats Pralinés et chocolats
;L'Origine;;Chemin de la Boussateire 4A  s, Le Crêt-près-Semsale, VD 1611 Suisse;0041 76 525 74 13;info@lorigine.ch;Chocolats (en promotion);VRAI;acct_1FM9ooEqMZXOnnpV;Boîte d’orangettes transparente
;L'Origine;;Chemin de la Boussateire 4A  s, Le Crêt-près-Semsale, VD 1611 Suisse;0041 76 525 74 13;info@lorigine.ch;Chocolats (en promotion);VRAI;acct_1FM9ooEqMZXOnnpV;Boîte d’orangettes transparente
;L'Origine;;Chemin de la Boussateire 4A  s, Le Crêt-près-Semsale, VD 1611 Suisse;0041 76 525 74 13;info@lorigine.ch;Chocolats (en promotion);VRAI;acct_1FM9ooEqMZXOnnpV;Amandes enrobées en cornet
;L'Origine;;Chemin de la Boussateire 4A  s, Le Crêt-près-Semsale, VD 1611 Suisse;0041 76 525 74 13;info@lorigine.ch;Chocolats (en promotion);VRAI;acct_1FM9ooEqMZXOnnpV;Amandes caramélisées en cornet
;L'Origine;;Chemin de la Boussateire 4A  s, Le Crêt-près-Semsale, VD 1611 Suisse;0041 76 525 74 13;info@lorigine.ch;Chocolats (en promotion);VRAI;acct_1FM9ooEqMZXOnnpV;Amandes apéro salées en cornet
;L'Origine;;Chemin de la Boussateire 4A  s, Le Crêt-près-Semsale, VD 1611 Suisse;0041 76 525 74 13;info@lorigine.ch;Chocolats (en promotion);VRAI;acct_1FM9ooEqMZXOnnpV;Tablette chocolat
;L'Origine;;Chemin de la Boussateire 4A  s, Le Crêt-près-Semsale, VD 1611 Suisse;0041 76 525 74 13;info@lorigine.ch;Chocolats (en promotion);VRAI;acct_1FM9ooEqMZXOnnpV;Meringues chocolatées en sachet
;L'Origine;;Chemin de la Boussateire 4A  s, Le Crêt-près-Semsale, VD 1611 Suisse;0041 76 525 74 13;info@lorigine.ch;Chocolats (en promotion);VRAI;acct_1FM9ooEqMZXOnnpV;Orangettes paquet de 300 gr
;L'Origine;;Chemin de la Boussateire 4A  s, Le Crêt-près-Semsale, VD 1611 Suisse;0041 76 525 74 13;info@lorigine.ch;Chocolats (en promotion);VRAI;acct_1FM9ooEqMZXOnnpV;Boite découverte
;L'Origine;;Chemin de la Boussateire 4A  s, Le Crêt-près-Semsale, VD 1611 Suisse;0041 76 525 74 13;info@lorigine.ch;Chocolats (en promotion);VRAI;acct_1FM9ooEqMZXOnnpV;Petite boite avec 4 chocolats
;L'Origine;;Chemin de la Boussateire 4A  s, Le Crêt-près-Semsale, VD 1611 Suisse;0041 76 525 74 13;info@lorigine.ch;Chocolats (en promotion);VRAI;acct_1FM9ooEqMZXOnnpV;Truffes coco ou nature 100 gr
;L'Origine;;Chemin de la Boussateire 4A  s, Le Crêt-près-Semsale, VD 1611 Suisse;0041 76 525 74 13;info@lorigine.ch;Chocolats (en promotion);VRAI;acct_1FM9ooEqMZXOnnpV;Truffes coco ou nature 150 gr
;L'Origine;;Chemin de la Boussateire 4A  s, Le Crêt-près-Semsale, VD 1611 Suisse;0041 76 525 74 13;info@lorigine.ch;Chocolats (en promotion);VRAI;acct_1FM9ooEqMZXOnnpV;Truffes coco ou nature 250 gr
;L'Origine;;Chemin de la Boussateire 4A  s, Le Crêt-près-Semsale, VD 1611 Suisse;0041 76 525 74 13;info@lorigine.ch;Chocolats (en promotion);VRAI;acct_1FM9ooEqMZXOnnpV;Truffes coco ou nature 360 gr
;L'Origine;;Chemin de la Boussateire 4A  s, Le Crêt-près-Semsale, VD 1611 Suisse;0041 76 525 74 13;info@lorigine.ch;Chocolats (en promotion);VRAI;acct_1FM9ooEqMZXOnnpV;Truffes coco ou nature  500gr
;L'Origine;;Chemin de la Boussateire 4A  s, Le Crêt-près-Semsale, VD 1611 Suisse;0041 76 525 74 13;info@lorigine.ch;Chocolats (en promotion);VRAI;acct_1FM9ooEqMZXOnnpV;Boite de chocolats  Noël
;L'Origine;;Chemin de la Boussateire 4A  s, Le Crêt-près-Semsale, VD 1611 Suisse;0041 76 525 74 13;info@lorigine.ch;Chocolats (en promotion);VRAI;acct_1FM9ooEqMZXOnnpV;"Boite de chocolats  Noël  ""ETOILE"""
;La Genevoise du Terroir Sàrl;;rue du Pré-Salomon 7, Satigny, GE 1242 Suisse;022 566 06 64;thierry@la-genevoise.ch;Vins & produits locaux;VRAI;acct_1BvmuZKG9G3rxHv4;Absintissimo - Fée de la Rade 50cl
;La Genevoise du Terroir Sàrl;;rue du Pré-Salomon 7, Satigny, GE 1242 Suisse;022 566 06 64;thierry@la-genevoise.ch;Vins & produits locaux;VRAI;acct_1BvmuZKG9G3rxHv4;Dom. des Molards - Gamaret 75cl 2015 AOC GE
;La Genevoise du Terroir Sàrl;;rue du Pré-Salomon 7, Satigny, GE 1242 Suisse;022 566 06 64;thierry@la-genevoise.ch;Vins & produits locaux;VRAI;acct_1BvmuZKG9G3rxHv4;Absintissimo - Gin Gen 50cl
;La Genevoise du Terroir Sàrl;;rue du Pré-Salomon 7, Satigny, GE 1242 Suisse;022 566 06 64;thierry@la-genevoise.ch;Vins & produits locaux;VRAI;acct_1BvmuZKG9G3rxHv4;Brasserie de la Pièce - Fausse Blonde (rousse) 33cl GRTA
;La Genevoise du Terroir Sàrl;;rue du Pré-Salomon 7, Satigny, GE 1242 Suisse;022 566 06 64;thierry@la-genevoise.ch;Vins & produits locaux;VRAI;acct_1BvmuZKG9G3rxHv4;Brasserie de la Pièce - L'Amer Noirte (noire) 33cl
;La Genevoise du Terroir Sàrl;;rue du Pré-Salomon 7, Satigny, GE 1242 Suisse;022 566 06 64;thierry@la-genevoise.ch;Vins & produits locaux;VRAI;acct_1BvmuZKG9G3rxHv4;Brasserie de la Pièce - Moby Kid (blanche) 33cl GRTA
;La Genevoise du Terroir Sàrl;;rue du Pré-Salomon 7, Satigny, GE 1242 Suisse;022 566 06 64;thierry@la-genevoise.ch;Vins & produits locaux;VRAI;acct_1BvmuZKG9G3rxHv4;Brasserie de la Pièce - Ste Pastule (blonde) 33cl GRTA
;La Genevoise du Terroir Sàrl;;rue du Pré-Salomon 7, Satigny, GE 1242 Suisse;022 566 06 64;thierry@la-genevoise.ch;Vins & produits locaux;VRAI;acct_1BvmuZKG9G3rxHv4;Brasserie de la Pièce - Vermeilleuse (ambrée) 33cl GRTA
;La Genevoise du Terroir Sàrl;;rue du Pré-Salomon 7, Satigny, GE 1242 Suisse;022 566 06 64;thierry@la-genevoise.ch;Vins & produits locaux;VRAI;acct_1BvmuZKG9G3rxHv4;Brasserie des Murailles - Bière de Noël 33cl GRTA
;La Genevoise du Terroir Sàrl;;rue du Pré-Salomon 7, Satigny, GE 1242 Suisse;022 566 06 64;thierry@la-genevoise.ch;Vins & produits locaux;VRAI;acct_1BvmuZKG9G3rxHv4;Jus de Pomme Golden 5L
;La Genevoise du Terroir Sàrl;;rue du Pré-Salomon 7, Satigny, GE 1242 Suisse;022 566 06 64;thierry@la-genevoise.ch;Vins & produits locaux;VRAI;acct_1BvmuZKG9G3rxHv4;Brasserie des Murailles - La Catapulte (brune) 33cl GRTA
;La Genevoise du Terroir Sàrl;;rue du Pré-Salomon 7, Satigny, GE 1242 Suisse;022 566 06 64;thierry@la-genevoise.ch;Vins & produits locaux;VRAI;acct_1BvmuZKG9G3rxHv4;Brasserie des Murailles - La Meurtrière (noire) 33cl GRTA
;La Genevoise du Terroir Sàrl;;rue du Pré-Salomon 7, Satigny, GE 1242 Suisse;022 566 06 64;thierry@la-genevoise.ch;Vins & produits locaux;VRAI;acct_1BvmuZKG9G3rxHv4;Brasserie des Murailles - La Meynite (blonde) 33cl GRTA
;La Genevoise du Terroir Sàrl;;rue du Pré-Salomon 7, Satigny, GE 1242 Suisse;022 566 06 64;thierry@la-genevoise.ch;Vins & produits locaux;VRAI;acct_1BvmuZKG9G3rxHv4;Brasserie des Murailles - La Muraille Triple (blonde forte) 33cl GRTA
;La Genevoise du Terroir Sàrl;;rue du Pré-Salomon 7, Satigny, GE 1242 Suisse;022 566 06 64;thierry@la-genevoise.ch;Vins & produits locaux;VRAI;acct_1BvmuZKG9G3rxHv4;Brasserie des Murailles - La Pieuse (blanche) 33cl GRTA
;La Genevoise du Terroir Sàrl;;rue du Pré-Salomon 7, Satigny, GE 1242 Suisse;022 566 06 64;thierry@la-genevoise.ch;Vins & produits locaux;VRAI;acct_1BvmuZKG9G3rxHv4;Dist. Sac. d'Arve - Eau-de-Vie de Poire 50cl
;La Genevoise du Terroir Sàrl;;rue du Pré-Salomon 7, Satigny, GE 1242 Suisse;022 566 06 64;thierry@la-genevoise.ch;Vins & produits locaux;VRAI;acct_1BvmuZKG9G3rxHv4;Brasserie des Murailles - La Sorcière (rousse) 33cl GRTA
;La Genevoise du Terroir Sàrl;;rue du Pré-Salomon 7, Satigny, GE 1242 Suisse;022 566 06 64;thierry@la-genevoise.ch;Vins & produits locaux;VRAI;acct_1BvmuZKG9G3rxHv4;Brasserie des Murailles – Pils (blonde légère) 33cl
;La Genevoise du Terroir Sàrl;;rue du Pré-Salomon 7, Satigny, GE 1242 Suisse;022 566 06 64;thierry@la-genevoise.ch;Vins & produits locaux;VRAI;acct_1BvmuZKG9G3rxHv4;Cidrerie de Meinier - Cidre Brut 75cl GRTA
;La Genevoise du Terroir Sàrl;;rue du Pré-Salomon 7, Satigny, GE 1242 Suisse;022 566 06 64;thierry@la-genevoise.ch;Vins & produits locaux;VRAI;acct_1BvmuZKG9G3rxHv4;Cidrerie de Meinier - Cidre Doux 75cl GRTA
;La Genevoise du Terroir Sàrl;;rue du Pré-Salomon 7, Satigny, GE 1242 Suisse;022 566 06 64;thierry@la-genevoise.ch;Vins & produits locaux;VRAI;acct_1BvmuZKG9G3rxHv4;Confiture 250gr
;La Genevoise du Terroir Sàrl;;rue du Pré-Salomon 7, Satigny, GE 1242 Suisse;022 566 06 64;thierry@la-genevoise.ch;Vins & produits locaux;VRAI;acct_1BvmuZKG9G3rxHv4;Confiture de GRTA 400gr
;La Genevoise du Terroir Sàrl;;rue du Pré-Salomon 7, Satigny, GE 1242 Suisse;022 566 06 64;thierry@la-genevoise.ch;Vins & produits locaux;VRAI;acct_1BvmuZKG9G3rxHv4;Dist. Sac. d'Arve - Eau-de-Vie de Framboise 50cl
;La Genevoise du Terroir Sàrl;;rue du Pré-Salomon 7, Satigny, GE 1242 Suisse;022 566 06 64;thierry@la-genevoise.ch;Vins & produits locaux;VRAI;acct_1BvmuZKG9G3rxHv4;Dist. Sac. d'Arve - Eau-de-Vie de Mirabelles 50cl
;La Genevoise du Terroir Sàrl;;rue du Pré-Salomon 7, Satigny, GE 1242 Suisse;022 566 06 64;thierry@la-genevoise.ch;Vins & produits locaux;VRAI;acct_1BvmuZKG9G3rxHv4;Dist. Sac. d'Arve - Eau-de-Vie de Pomme 70cl
;La Genevoise du Terroir Sàrl;;rue du Pré-Salomon 7, Satigny, GE 1242 Suisse;022 566 06 64;thierry@la-genevoise.ch;Vins & produits locaux;VRAI;acct_1BvmuZKG9G3rxHv4;Dist. Sac. d'Arve - Eau-de-Vie de Pruneau 70cl
;La Genevoise du Terroir Sàrl;;rue du Pré-Salomon 7, Satigny, GE 1242 Suisse;022 566 06 64;thierry@la-genevoise.ch;Vins & produits locaux;VRAI;acct_1BvmuZKG9G3rxHv4;Dist. Sac. d'Arve - Eau-de-Vie de Kirsch 50cl
;La Genevoise du Terroir Sàrl;;rue du Pré-Salomon 7, Satigny, GE 1242 Suisse;022 566 06 64;thierry@la-genevoise.ch;Vins & produits locaux;VRAI;acct_1BvmuZKG9G3rxHv4;Dist. Sac. d'Arve - Marc 50cl
;La Genevoise du Terroir Sàrl;;rue du Pré-Salomon 7, Satigny, GE 1242 Suisse;022 566 06 64;thierry@la-genevoise.ch;Vins & produits locaux;VRAI;acct_1BvmuZKG9G3rxHv4;Domaine des Lolliets - Ange Gardien 2015 75cl AOC GE
;La Genevoise du Terroir Sàrl;;rue du Pré-Salomon 7, Satigny, GE 1242 Suisse;022 566 06 64;thierry@la-genevoise.ch;Vins & produits locaux;VRAI;acct_1BvmuZKG9G3rxHv4;Domaine des Lolliets - La Tendresse à l'état brut 75cl AOC Ge
;La Genevoise du Terroir Sàrl;;rue du Pré-Salomon 7, Satigny, GE 1242 Suisse;022 566 06 64;thierry@la-genevoise.ch;Vins & produits locaux;VRAI;acct_1BvmuZKG9G3rxHv4;Domaine des Lolliets - Séraphin 2016 75cl VdP Suisse
;La Genevoise du Terroir Sàrl;;rue du Pré-Salomon 7, Satigny, GE 1242 Suisse;022 566 06 64;thierry@la-genevoise.ch;Vins & produits locaux;VRAI;acct_1BvmuZKG9G3rxHv4;Jus de Pomme Emotion 5L
;La Genevoise du Terroir Sàrl;;rue du Pré-Salomon 7, Satigny, GE 1242 Suisse;022 566 06 64;thierry@la-genevoise.ch;Vins & produits locaux;VRAI;acct_1BvmuZKG9G3rxHv4;Dom. des Molards - Chardonnay 50cl 2016 AOC GE
;La Genevoise du Terroir Sàrl;;rue du Pré-Salomon 7, Satigny, GE 1242 Suisse;022 566 06 64;thierry@la-genevoise.ch;Vins & produits locaux;VRAI;acct_1BvmuZKG9G3rxHv4;Dom. des Molards - Chardonnay 75cl 2016 AOC GE
;La Genevoise du Terroir Sàrl;;rue du Pré-Salomon 7, Satigny, GE 1242 Suisse;022 566 06 64;thierry@la-genevoise.ch;Vins & produits locaux;VRAI;acct_1BvmuZKG9G3rxHv4;Dom. des Molards - Pinot Noir 50cl 2016 AOC GE
;La Genevoise du Terroir Sàrl;;rue du Pré-Salomon 7, Satigny, GE 1242 Suisse;022 566 06 64;thierry@la-genevoise.ch;Vins & produits locaux;VRAI;acct_1BvmuZKG9G3rxHv4;Dom. des Molards - Chasselas 50cl 2016 AOC GE
;La Genevoise du Terroir Sàrl;;rue du Pré-Salomon 7, Satigny, GE 1242 Suisse;022 566 06 64;thierry@la-genevoise.ch;Vins & produits locaux;VRAI;acct_1BvmuZKG9G3rxHv4;Dom. des Molards - Chasselas 75cl 2016 AOC GE
;La Genevoise du Terroir Sàrl;;rue du Pré-Salomon 7, Satigny, GE 1242 Suisse;022 566 06 64;thierry@la-genevoise.ch;Vins & produits locaux;VRAI;acct_1BvmuZKG9G3rxHv4;Dom. des Molards - Gamay 50cl 2014 AOC GE
;La Genevoise du Terroir Sàrl;;rue du Pré-Salomon 7, Satigny, GE 1242 Suisse;022 566 06 64;thierry@la-genevoise.ch;Vins & produits locaux;VRAI;acct_1BvmuZKG9G3rxHv4;Dom. des Molards - Gamay 75cl 2015 AOC GE
;La Genevoise du Terroir Sàrl;;rue du Pré-Salomon 7, Satigny, GE 1242 Suisse;022 566 06 64;thierry@la-genevoise.ch;Vins & produits locaux;VRAI;acct_1BvmuZKG9G3rxHv4;Dom. des Molards - Le 1352 75cl 2015 AOC GE
;La Genevoise du Terroir Sàrl;;rue du Pré-Salomon 7, Satigny, GE 1242 Suisse;022 566 06 64;thierry@la-genevoise.ch;Vins & produits locaux;VRAI;acct_1BvmuZKG9G3rxHv4;Dom. des Molards - Pinot Blanc 75cl 2016 AOC GE
;La Genevoise du Terroir Sàrl;;rue du Pré-Salomon 7, Satigny, GE 1242 Suisse;022 566 06 64;thierry@la-genevoise.ch;Vins & produits locaux;VRAI;acct_1BvmuZKG9G3rxHv4;Dom. des Molards - Merlot 75cl 2014 AOC GE
;La Genevoise du Terroir Sàrl;;rue du Pré-Salomon 7, Satigny, GE 1242 Suisse;022 566 06 64;thierry@la-genevoise.ch;Vins & produits locaux;VRAI;acct_1BvmuZKG9G3rxHv4;Dom. des Molards - Pinot Noir 75cl 2015 AOC GE
;La Genevoise du Terroir Sàrl;;rue du Pré-Salomon 7, Satigny, GE 1242 Suisse;022 566 06 64;thierry@la-genevoise.ch;Vins & produits locaux;VRAI;acct_1BvmuZKG9G3rxHv4;La Genevoise - Moût Gamaret 3l GRTA
;La Genevoise du Terroir Sàrl;;rue du Pré-Salomon 7, Satigny, GE 1242 Suisse;022 566 06 64;thierry@la-genevoise.ch;Vins & produits locaux;VRAI;acct_1BvmuZKG9G3rxHv4;Dom. des Molards - Rosé de Pinot Noir 50cl 2015 AOC GE
;La Genevoise du Terroir Sàrl;;rue du Pré-Salomon 7, Satigny, GE 1242 Suisse;022 566 06 64;thierry@la-genevoise.ch;Vins & produits locaux;VRAI;acct_1BvmuZKG9G3rxHv4;Dom. des Molards - Rosé de Pinot Noir 75cl 2016 AOC GE
;La Genevoise du Terroir Sàrl;;rue du Pré-Salomon 7, Satigny, GE 1242 Suisse;022 566 06 64;thierry@la-genevoise.ch;Vins & produits locaux;VRAI;acct_1BvmuZKG9G3rxHv4;Dom. de Verbant - Ass. Rouge 75cl 2015 AOC GE
;La Genevoise du Terroir Sàrl;;rue du Pré-Salomon 7, Satigny, GE 1242 Suisse;022 566 06 64;thierry@la-genevoise.ch;Vins & produits locaux;VRAI;acct_1BvmuZKG9G3rxHv4;Dom. de Verbant - Pinot Blanc-Chardonnay 75cl 2015 AOC GE
;La Genevoise du Terroir Sàrl;;rue du Pré-Salomon 7, Satigny, GE 1242 Suisse;022 566 06 64;thierry@la-genevoise.ch;Vins & produits locaux;VRAI;acct_1BvmuZKG9G3rxHv4;Dom. de Verbant - Pinot Noir 75cl 2015 AOC GE
;La Genevoise du Terroir Sàrl;;rue du Pré-Salomon 7, Satigny, GE 1242 Suisse;022 566 06 64;thierry@la-genevoise.ch;Vins & produits locaux;VRAI;acct_1BvmuZKG9G3rxHv4;Jus de Pomme Golden 10L
;La Genevoise du Terroir Sàrl;;rue du Pré-Salomon 7, Satigny, GE 1242 Suisse;022 566 06 64;thierry@la-genevoise.ch;Vins & produits locaux;VRAI;acct_1BvmuZKG9G3rxHv4;Jus de Pomme Golden-Boskoop 10L
;La Genevoise du Terroir Sàrl;;rue du Pré-Salomon 7, Satigny, GE 1242 Suisse;022 566 06 64;thierry@la-genevoise.ch;Vins & produits locaux;VRAI;acct_1BvmuZKG9G3rxHv4;La Genevoise - Sirop de Framboise GRTA 50cl
;La Genevoise du Terroir Sàrl;;rue du Pré-Salomon 7, Satigny, GE 1242 Suisse;022 566 06 64;thierry@la-genevoise.ch;Vins & produits locaux;VRAI;acct_1BvmuZKG9G3rxHv4;Jus de Pomme Golden-Boskoop 5L
;La Genevoise du Terroir Sàrl;;rue du Pré-Salomon 7, Satigny, GE 1242 Suisse;022 566 06 64;thierry@la-genevoise.ch;Vins & produits locaux;VRAI;acct_1BvmuZKG9G3rxHv4;Jus de Pomme Granny 10L
;La Genevoise du Terroir Sàrl;;rue du Pré-Salomon 7, Satigny, GE 1242 Suisse;022 566 06 64;thierry@la-genevoise.ch;Vins & produits locaux;VRAI;acct_1BvmuZKG9G3rxHv4;Jus de Pomme Granny 5L
;La Genevoise du Terroir Sàrl;;rue du Pré-Salomon 7, Satigny, GE 1242 Suisse;022 566 06 64;thierry@la-genevoise.ch;Vins & produits locaux;VRAI;acct_1BvmuZKG9G3rxHv4;Jus de Pomme Pink 5L
;La Genevoise du Terroir Sàrl;;rue du Pré-Salomon 7, Satigny, GE 1242 Suisse;022 566 06 64;thierry@la-genevoise.ch;Vins & produits locaux;VRAI;acct_1BvmuZKG9G3rxHv4;Jus de Pomme TRIO 10L
;La Genevoise du Terroir Sàrl;;rue du Pré-Salomon 7, Satigny, GE 1242 Suisse;022 566 06 64;thierry@la-genevoise.ch;Vins & produits locaux;VRAI;acct_1BvmuZKG9G3rxHv4;La Genevoise - Moût Chasselas 3l GRTA
;La Genevoise du Terroir Sàrl;;rue du Pré-Salomon 7, Satigny, GE 1242 Suisse;022 566 06 64;thierry@la-genevoise.ch;Vins & produits locaux;VRAI;acct_1BvmuZKG9G3rxHv4;Jus de Pomme TRIO 5L
;La Genevoise du Terroir Sàrl;;rue du Pré-Salomon 7, Satigny, GE 1242 Suisse;022 566 06 64;thierry@la-genevoise.ch;Vins & produits locaux;VRAI;acct_1BvmuZKG9G3rxHv4;La Genevoise - Sirop de Cerise GRTA 50cl
;La Genevoise du Terroir Sàrl;;rue du Pré-Salomon 7, Satigny, GE 1242 Suisse;022 566 06 64;thierry@la-genevoise.ch;Vins & produits locaux;VRAI;acct_1BvmuZKG9G3rxHv4;La Genevoise - Sirop de Fleurs de Sureau GRTA 50cl
;La Genevoise du Terroir Sàrl;;rue du Pré-Salomon 7, Satigny, GE 1242 Suisse;022 566 06 64;thierry@la-genevoise.ch;Vins & produits locaux;VRAI;acct_1BvmuZKG9G3rxHv4;La Genevoise - Sirop de Fraise GRTA 50cl
;La Genevoise du Terroir Sàrl;;rue du Pré-Salomon 7, Satigny, GE 1242 Suisse;022 566 06 64;thierry@la-genevoise.ch;Vins & produits locaux;VRAI;acct_1BvmuZKG9G3rxHv4;La Genevoise - Sirop de Menthe GRTA 50cl
;La Genevoise du Terroir Sàrl;;rue du Pré-Salomon 7, Satigny, GE 1242 Suisse;022 566 06 64;thierry@la-genevoise.ch;Vins & produits locaux;VRAI;acct_1BvmuZKG9G3rxHv4;La Genevoise - Sirop de Mûre GRTA 50cl
;La Genevoise du Terroir Sàrl;;rue du Pré-Salomon 7, Satigny, GE 1242 Suisse;022 566 06 64;thierry@la-genevoise.ch;Vins & produits locaux;VRAI;acct_1BvmuZKG9G3rxHv4;La Givrée - Gingembre 10cl
;La Genevoise du Terroir Sàrl;;rue du Pré-Salomon 7, Satigny, GE 1242 Suisse;022 566 06 64;thierry@la-genevoise.ch;Vins & produits locaux;VRAI;acct_1BvmuZKG9G3rxHv4;La Givrée - Gingembre 50cl
;La Genevoise du Terroir Sàrl;;rue du Pré-Salomon 7, Satigny, GE 1242 Suisse;022 566 06 64;thierry@la-genevoise.ch;Vins & produits locaux;VRAI;acct_1BvmuZKG9G3rxHv4;La Givrée - Mandarine 10cl
;La Genevoise du Terroir Sàrl;;rue du Pré-Salomon 7, Satigny, GE 1242 Suisse;022 566 06 64;thierry@la-genevoise.ch;Vins & produits locaux;VRAI;acct_1BvmuZKG9G3rxHv4;La Givrée - Mara des Bois 10cl
;La Genevoise du Terroir Sàrl;;rue du Pré-Salomon 7, Satigny, GE 1242 Suisse;022 566 06 64;thierry@la-genevoise.ch;Vins & produits locaux;VRAI;acct_1BvmuZKG9G3rxHv4;La Givrée - Mandarine 50cl
;La Genevoise du Terroir Sàrl;;rue du Pré-Salomon 7, Satigny, GE 1242 Suisse;022 566 06 64;thierry@la-genevoise.ch;Vins & produits locaux;VRAI;acct_1BvmuZKG9G3rxHv4;La Givrée - Mara des Bois 50cl
;La Genevoise du Terroir Sàrl;;rue du Pré-Salomon 7, Satigny, GE 1242 Suisse;022 566 06 64;thierry@la-genevoise.ch;Vins & produits locaux;VRAI;acct_1BvmuZKG9G3rxHv4;Miel de forêt cristallisé 250gr
;La Genevoise du Terroir Sàrl;;rue du Pré-Salomon 7, Satigny, GE 1242 Suisse;022 566 06 64;thierry@la-genevoise.ch;Vins & produits locaux;VRAI;acct_1BvmuZKG9G3rxHv4;Miel de forêt liquide 250gr
;La Genevoise du Terroir Sàrl;;rue du Pré-Salomon 7, Satigny, GE 1242 Suisse;022 566 06 64;thierry@la-genevoise.ch;Vins & produits locaux;VRAI;acct_1BvmuZKG9G3rxHv4;Verger de St-Loup - Cidre demi-sec 75cl
;Massage;;Chemin de la Montagne 84, Chêne-Bougeries, GE 1224 Suisse;+41795844373;loyameda@hotmail.com;Massages;FAUX;acct_1Bw9O2CMVSnbigzD;Massage 1h
;Massage;;Chemin de la Montagne 84, Chêne-Bougeries, GE 1224 Suisse;+41795844373;loyameda@hotmail.com;Massages;FAUX;acct_1Bw9O2CMVSnbigzD;Massage 1h30
;Massage;;Chemin de la Montagne 84, Chêne-Bougeries, GE 1224 Suisse;+41795844373;loyameda@hotmail.com;Massages;FAUX;acct_1Bw9O2CMVSnbigzD;Massage 30 min.
;MyCarWashMobile;;Case postale 2606, NYON 2, VD 1260 Suisse;078 846 81 41;a.kunz@mycarwashmobile.com;Nettoyage Véhicule;VRAI;acct_1CmfJaEQfzY8SWKG;1.Nettoyage Intérieur Small size
;MyCarWashMobile;;Case postale 2606, NYON 2, VD 1260 Suisse;078 846 81 41;a.kunz@mycarwashmobile.com;Nettoyage Véhicule;VRAI;acct_1CmfJaEQfzY8SWKG;2.Nettoyage intérieur Medium size
;MyCarWashMobile;;Case postale 2606, NYON 2, VD 1260 Suisse;078 846 81 41;a.kunz@mycarwashmobile.com;Nettoyage Véhicule;VRAI;acct_1CmfJaEQfzY8SWKG;3.Nettoyage intérieur Large size
;MyCarWashMobile;;Case postale 2606, NYON 2, VD 1260 Suisse;078 846 81 41;a.kunz@mycarwashmobile.com;Nettoyage Véhicule;VRAI;acct_1CmfJaEQfzY8SWKG;4.Nettoyage intérieur Extra Large size
;MyCarWashMobile;;Case postale 2606, NYON 2, VD 1260 Suisse;078 846 81 41;a.kunz@mycarwashmobile.com;Nettoyage Véhicule;VRAI;acct_1CmfJaEQfzY8SWKG;6.Nettoyage intérieur Premium Medium size
;MyCarWashMobile;;Case postale 2606, NYON 2, VD 1260 Suisse;078 846 81 41;a.kunz@mycarwashmobile.com;Nettoyage Véhicule;VRAI;acct_1CmfJaEQfzY8SWKG;5.Nettoyage intérieur Premium Small size
;MyCarWashMobile;;Case postale 2606, NYON 2, VD 1260 Suisse;078 846 81 41;a.kunz@mycarwashmobile.com;Nettoyage Véhicule;VRAI;acct_1CmfJaEQfzY8SWKG;7.Nettoyage intérieur Premium Large size
;MyCarWashMobile;;Case postale 2606, NYON 2, VD 1260 Suisse;078 846 81 41;a.kunz@mycarwashmobile.com;Nettoyage Véhicule;VRAI;acct_1CmfJaEQfzY8SWKG;8.Nettoyage intérieur Premium Extra Large size
;MyCarWashMobile;;Case postale 2606, NYON 2, VD 1260 Suisse;078 846 81 41;a.kunz@mycarwashmobile.com;Nettoyage Véhicule;VRAI;acct_1CmfJaEQfzY8SWKG;9.Nettoyage Extérieur Small size
;MyCarWashMobile;;Case postale 2606, NYON 2, VD 1260 Suisse;078 846 81 41;a.kunz@mycarwashmobile.com;Nettoyage Véhicule;VRAI;acct_1CmfJaEQfzY8SWKG;10.Nettoyage Extérieur Medium size
;MyCarWashMobile;;Case postale 2606, NYON 2, VD 1260 Suisse;078 846 81 41;a.kunz@mycarwashmobile.com;Nettoyage Véhicule;VRAI;acct_1CmfJaEQfzY8SWKG;11.Nettoyage Extérieur Large size
;MyCarWashMobile;;Case postale 2606, NYON 2, VD 1260 Suisse;078 846 81 41;a.kunz@mycarwashmobile.com;Nettoyage Véhicule;VRAI;acct_1CmfJaEQfzY8SWKG;12.Nettoyage Extérieur Extra Large size
;MyCarWashMobile;;Case postale 2606, NYON 2, VD 1260 Suisse;078 846 81 41;a.kunz@mycarwashmobile.com;Nettoyage Véhicule;VRAI;acct_1CmfJaEQfzY8SWKG;13.Nettoyage Complet Small size
;MyCarWashMobile;;Case postale 2606, NYON 2, VD 1260 Suisse;078 846 81 41;a.kunz@mycarwashmobile.com;Nettoyage Véhicule;VRAI;acct_1CmfJaEQfzY8SWKG;14.Nettoyage Complet Mediuml size
;MyCarWashMobile;;Case postale 2606, NYON 2, VD 1260 Suisse;078 846 81 41;a.kunz@mycarwashmobile.com;Nettoyage Véhicule;VRAI;acct_1CmfJaEQfzY8SWKG;15.Nettoyage Complet Large size
;MyCarWashMobile;;Case postale 2606, NYON 2, VD 1260 Suisse;078 846 81 41;a.kunz@mycarwashmobile.com;Nettoyage Véhicule;VRAI;acct_1CmfJaEQfzY8SWKG;16.Nettoyage Complet Extra Large size
;MyCarWashMobile;;Case postale 2606, NYON 2, VD 1260 Suisse;078 846 81 41;a.kunz@mycarwashmobile.com;Nettoyage Véhicule;VRAI;acct_1CmfJaEQfzY8SWKG;17.Nettoyage extérieur Premium Small size
;MyCarWashMobile;;Case postale 2606, NYON 2, VD 1260 Suisse;078 846 81 41;a.kunz@mycarwashmobile.com;Nettoyage Véhicule;VRAI;acct_1CmfJaEQfzY8SWKG;18.Nettoyage extérieur Premium Medium size
;MyCarWashMobile;;Case postale 2606, NYON 2, VD 1260 Suisse;078 846 81 41;a.kunz@mycarwashmobile.com;Nettoyage Véhicule;VRAI;acct_1CmfJaEQfzY8SWKG;19.Nettoyage extérieur Premium Large size
;MyCarWashMobile;;Case postale 2606, NYON 2, VD 1260 Suisse;078 846 81 41;a.kunz@mycarwashmobile.com;Nettoyage Véhicule;VRAI;acct_1CmfJaEQfzY8SWKG;20.Nettoyage extérieur Premium Extra Large size
;MyCarWashMobile;;Case postale 2606, NYON 2, VD 1260 Suisse;078 846 81 41;a.kunz@mycarwashmobile.com;Nettoyage Véhicule;VRAI;acct_1CmfJaEQfzY8SWKG;21.Nettoyage Complet Premium Small size
;MyCarWashMobile;;Case postale 2606, NYON 2, VD 1260 Suisse;078 846 81 41;a.kunz@mycarwashmobile.com;Nettoyage Véhicule;VRAI;acct_1CmfJaEQfzY8SWKG;22.Nettoyage Complet Premium Medium size
;MyCarWashMobile;;Case postale 2606, NYON 2, VD 1260 Suisse;078 846 81 41;a.kunz@mycarwashmobile.com;Nettoyage Véhicule;VRAI;acct_1CmfJaEQfzY8SWKG;23.Nettoyage Complet Premium Large size
;MyCarWashMobile;;Case postale 2606, NYON 2, VD 1260 Suisse;078 846 81 41;a.kunz@mycarwashmobile.com;Nettoyage Véhicule;VRAI;acct_1CmfJaEQfzY8SWKG;24.Nettoyage Complet Premium Extra Large size
;MyCarWashMobile;;Case postale 2606, NYON 2, VD 1260 Suisse;078 846 81 41;a.kunz@mycarwashmobile.com;Nettoyage Véhicule;VRAI;acct_1CmfJaEQfzY8SWKG;25.A la carte sur demande
;MyCarWashMobile;;Case postale 2606, NYON 2, VD 1260 Suisse;078 846 81 41;a.kunz@mycarwashmobile.com;Nettoyage Véhicule;VRAI;acct_1CmfJaEQfzY8SWKG;26.Nettoyage Complément
;Pressing D&A;;9 avenue Louis-Pictet, Vernier, GE 1214 Suisse;079 446 34 40;info@pressing-da.ch;Pressing;VRAI;acct_1BxBodBtVbPRWo6Z;Pantalon
;Pressing D&A;;9 avenue Louis-Pictet, Vernier, GE 1214 Suisse;079 446 34 40;info@pressing-da.ch;Pressing;VRAI;acct_1BxBodBtVbPRWo6Z;Veste
;Pressing D&A;;9 avenue Louis-Pictet, Vernier, GE 1214 Suisse;079 446 34 40;info@pressing-da.ch;Pressing;VRAI;acct_1BxBodBtVbPRWo6Z;Complet
;Pressing D&A;;9 avenue Louis-Pictet, Vernier, GE 1214 Suisse;079 446 34 40;info@pressing-da.ch;Pressing;VRAI;acct_1BxBodBtVbPRWo6Z;Anorak
;Pressing D&A;;9 avenue Louis-Pictet, Vernier, GE 1214 Suisse;079 446 34 40;info@pressing-da.ch;Pressing;VRAI;acct_1BxBodBtVbPRWo6Z;Anorak Plumes
;Pressing D&A;;9 avenue Louis-Pictet, Vernier, GE 1214 Suisse;079 446 34 40;info@pressing-da.ch;Pressing;VRAI;acct_1BxBodBtVbPRWo6Z;Chemise cintre
;Pressing D&A;;9 avenue Louis-Pictet, Vernier, GE 1214 Suisse;079 446 34 40;info@pressing-da.ch;Pressing;VRAI;acct_1BxBodBtVbPRWo6Z;Chemise pliée
;Pressing D&A;;9 avenue Louis-Pictet, Vernier, GE 1214 Suisse;079 446 34 40;info@pressing-da.ch;Pressing;VRAI;acct_1BxBodBtVbPRWo6Z;Blouse (chemisier)
;Pressing D&A;;9 avenue Louis-Pictet, Vernier, GE 1214 Suisse;079 446 34 40;info@pressing-da.ch;Pressing;VRAI;acct_1BxBodBtVbPRWo6Z;Jupe
;Pressing D&A;;9 avenue Louis-Pictet, Vernier, GE 1214 Suisse;079 446 34 40;info@pressing-da.ch;Pressing;VRAI;acct_1BxBodBtVbPRWo6Z;Cravate
;Pressing D&A;;9 avenue Louis-Pictet, Vernier, GE 1214 Suisse;079 446 34 40;info@pressing-da.ch;Pressing;VRAI;acct_1BxBodBtVbPRWo6Z;Pull
;Pressing D&A;;9 avenue Louis-Pictet, Vernier, GE 1214 Suisse;079 446 34 40;info@pressing-da.ch;Pressing;VRAI;acct_1BxBodBtVbPRWo6Z;Manteau Laine
;Pressing D&A;;9 avenue Louis-Pictet, Vernier, GE 1214 Suisse;079 446 34 40;info@pressing-da.ch;Pressing;VRAI;acct_1BxBodBtVbPRWo6Z;Manteau imperméable
;Pressing D&A;;9 avenue Louis-Pictet, Vernier, GE 1214 Suisse;079 446 34 40;info@pressing-da.ch;Pressing;VRAI;acct_1BxBodBtVbPRWo6Z;Foulard
;Pressing D&A;;9 avenue Louis-Pictet, Vernier, GE 1214 Suisse;079 446 34 40;info@pressing-da.ch;Pressing;VRAI;acct_1BxBodBtVbPRWo6Z;Robe
;Pressing D&A;;9 avenue Louis-Pictet, Vernier, GE 1214 Suisse;079 446 34 40;info@pressing-da.ch;Pressing;VRAI;acct_1BxBodBtVbPRWo6Z;Tapis
;Pressing D&A;;9 avenue Louis-Pictet, Vernier, GE 1214 Suisse;079 446 34 40;info@pressing-da.ch;Pressing;VRAI;acct_1BxBodBtVbPRWo6Z;Rideaux double
;Pressing D&A;;9 avenue Louis-Pictet, Vernier, GE 1214 Suisse;079 446 34 40;info@pressing-da.ch;Pressing;VRAI;acct_1BxBodBtVbPRWo6Z;Rideaux voilage
;Pressing D&A;;9 avenue Louis-Pictet, Vernier, GE 1214 Suisse;079 446 34 40;info@pressing-da.ch;Nettoyage automobile;VRAI;acct_1BxBodBtVbPRWo6Z;Nettoyage rapide extérieur
;Pressing D&A;;9 avenue Louis-Pictet, Vernier, GE 1214 Suisse;079 446 34 40;info@pressing-da.ch;Nettoyage automobile;VRAI;acct_1BxBodBtVbPRWo6Z;Nettoyage rapide intérieur
;Pressing D&A;;9 avenue Louis-Pictet, Vernier, GE 1214 Suisse;079 446 34 40;info@pressing-da.ch;Nettoyage automobile;VRAI;acct_1BxBodBtVbPRWo6Z;Formule rapide extérieur & intérieur
;Pressing D&A;;9 avenue Louis-Pictet, Vernier, GE 1214 Suisse;079 446 34 40;info@pressing-da.ch;Nettoyage automobile;VRAI;acct_1BxBodBtVbPRWo6Z;Nettoyage standard extérieur
;Pressing D&A;;9 avenue Louis-Pictet, Vernier, GE 1214 Suisse;079 446 34 40;info@pressing-da.ch;Nettoyage automobile;VRAI;acct_1BxBodBtVbPRWo6Z;Nettoyage standard intérieur
;Pressing D&A;;9 avenue Louis-Pictet, Vernier, GE 1214 Suisse;079 446 34 40;info@pressing-da.ch;Nettoyage automobile;VRAI;acct_1BxBodBtVbPRWo6Z;Formule standard intérieur & extérieur
;Pressing D&A;;9 avenue Louis-Pictet, Vernier, GE 1214 Suisse;079 446 34 40;info@pressing-da.ch;Nettoyage automobile;VRAI;acct_1BxBodBtVbPRWo6Z;"Nettoyage ""Comme neuve"" extérieur"
;Pressing D&A;;9 avenue Louis-Pictet, Vernier, GE 1214 Suisse;079 446 34 40;info@pressing-da.ch;Nettoyage automobile;VRAI;acct_1BxBodBtVbPRWo6Z;"Nettoyage ""comme neuve"" intérieur"
;Pressing D&A;;9 avenue Louis-Pictet, Vernier, GE 1214 Suisse;079 446 34 40;info@pressing-da.ch;Nettoyage automobile;VRAI;acct_1BxBodBtVbPRWo6Z;"Formule ""Comme neuve"" extérieur & intérieur"
;Pressing D&A;;9 avenue Louis-Pictet, Vernier, GE 1214 Suisse;079 446 34 40;info@pressing-da.ch;Pressing;VRAI;acct_1BxBodBtVbPRWo6Z;Torchon
;Pressing D&A;;9 avenue Louis-Pictet, Vernier, GE 1214 Suisse;079 446 34 40;info@pressing-da.ch;Pressing;VRAI;acct_1BxBodBtVbPRWo6Z;NAPPE
;Pressing D&A;;9 avenue Louis-Pictet, Vernier, GE 1214 Suisse;079 446 34 40;info@pressing-da.ch;Pressing;VRAI;acct_1BxBodBtVbPRWo6Z;Polo
;Pressing D&A;;9 avenue Louis-Pictet, Vernier, GE 1214 Suisse;079 446 34 40;info@pressing-da.ch;Pressing;VRAI;acct_1BxBodBtVbPRWo6Z;Divers pressing
;Pressing D&A;;9 avenue Louis-Pictet, Vernier, GE 1214 Suisse;079 446 34 40;info@pressing-da.ch;Pressing;VRAI;acct_1BxBodBtVbPRWo6Z;Gilet
;Pressing D&A;;9 avenue Louis-Pictet, Vernier, GE 1214 Suisse;079 446 34 40;info@pressing-da.ch;Pressing;VRAI;acct_1BxBodBtVbPRWo6Z;Pantalon matière délicate
;Pressing D&A;;9 avenue Louis-Pictet, Vernier, GE 1214 Suisse;079 446 34 40;info@pressing-da.ch;Pressing;VRAI;acct_1BxBodBtVbPRWo6Z;Combinaison
;Pressing D&A;;9 avenue Louis-Pictet, Vernier, GE 1214 Suisse;079 446 34 40;info@pressing-da.ch;Pressing;VRAI;acct_1BxBodBtVbPRWo6Z;Couette (plumes) grand format
;Pressing D&A;;9 avenue Louis-Pictet, Vernier, GE 1214 Suisse;079 446 34 40;info@pressing-da.ch;Pressing;VRAI;acct_1BxBodBtVbPRWo6Z;Couette synthétique grand format
;Ronin Food;;Chemin Grenet 4, Vernier, GE 1214 Suisse;+41794368520;francois@ronin.ch;Fruits et Légumes;FAUX;;Panier de fruits 3 kg
;Ronin Food;;Chemin Grenet 4, Vernier, GE 1214 Suisse;+41794368520;francois@ronin.ch;Fruits et Légumes;FAUX;;Panier de fruits 5 kg
;Ronin Food;;Chemin Grenet 4, Vernier, GE 1214 Suisse;+41794368520;francois@ronin.ch;Fruits et Légumes;FAUX;;Panier de fruits 7 kg
;Ronin Food;;Chemin Grenet 4, Vernier, GE 1214 Suisse;+41794368520;francois@ronin.ch;Fruits et Légumes;FAUX;;Corbeilles de fruits 5 kg
;Ronin Food;;Chemin Grenet 4, Vernier, GE 1214 Suisse;+41794368520;francois@ronin.ch;Fruits et Légumes;FAUX;;Corbeilles de fruits 7 kg
;Ronin Food;;Chemin Grenet 4, Vernier, GE 1214 Suisse;+41794368520;francois@ronin.ch;Fruits et Légumes;FAUX;;Poire GRTA
;Ronin Food;;Chemin Grenet 4, Vernier, GE 1214 Suisse;+41794368520;francois@ronin.ch;Fruits et Légumes;FAUX;;Pomme Golden GRTA
;Ronin Food;;Chemin Grenet 4, Vernier, GE 1214 Suisse;+41794368520;francois@ronin.ch;Fruits et Légumes;FAUX;;Pomme Rouge GRTA
;Sabo Service;;Rue de Montfleury 1-3, Vernier, GE 1214 Suisse;022 930 13 18;sabo69@hotmail.ch;Cordonnier;VRAI;acct_1BvnTrDZ8kJuDCNB;Petit talon femme
;Sabo Service;;Rue de Montfleury 1-3, Vernier, GE 1214 Suisse;022 930 13 18;sabo69@hotmail.ch;Cordonnier;VRAI;acct_1BvnTrDZ8kJuDCNB;Talon épais femme
;Sabo Service;;Rue de Montfleury 1-3, Vernier, GE 1214 Suisse;022 930 13 18;sabo69@hotmail.ch;Cordonnier;VRAI;acct_1BvnTrDZ8kJuDCNB;Talon homme
;Sabo Service;;Rue de Montfleury 1-3, Vernier, GE 1214 Suisse;022 930 13 18;sabo69@hotmail.ch;Cordonnier;VRAI;acct_1BvnTrDZ8kJuDCNB;Talons profilés femme
;Sabo Service;;Rue de Montfleury 1-3, Vernier, GE 1214 Suisse;022 930 13 18;sabo69@hotmail.ch;Cordonnier;VRAI;acct_1BvnTrDZ8kJuDCNB;Talons profilés homme
;Sabo Service;;Rue de Montfleury 1-3, Vernier, GE 1214 Suisse;022 930 13 18;sabo69@hotmail.ch;Cordonnier;VRAI;acct_1BvnTrDZ8kJuDCNB;Coins des talons femme
;Sabo Service;;Rue de Montfleury 1-3, Vernier, GE 1214 Suisse;022 930 13 18;sabo69@hotmail.ch;Cordonnier;VRAI;acct_1BvnTrDZ8kJuDCNB;Coins des talons homme
;Sabo Service;;Rue de Montfleury 1-3, Vernier, GE 1214 Suisse;022 930 13 18;sabo69@hotmail.ch;Cordonnier;VRAI;acct_1BvnTrDZ8kJuDCNB;Bouts de semelles femme
;Sabo Service;;Rue de Montfleury 1-3, Vernier, GE 1214 Suisse;022 930 13 18;sabo69@hotmail.ch;Cordonnier;VRAI;acct_1BvnTrDZ8kJuDCNB;Bouts de semelles homme
;Sabo Service;;Rue de Montfleury 1-3, Vernier, GE 1214 Suisse;022 930 13 18;sabo69@hotmail.ch;Cordonnier;VRAI;acct_1BvnTrDZ8kJuDCNB;Semelles en caoutchouc femme
;Sabo Service;;Rue de Montfleury 1-3, Vernier, GE 1214 Suisse;022 930 13 18;sabo69@hotmail.ch;Cordonnier;VRAI;acct_1BvnTrDZ8kJuDCNB;Semelles en caoutchouc homme
;Sabo Service;;Rue de Montfleury 1-3, Vernier, GE 1214 Suisse;022 930 13 18;sabo69@hotmail.ch;Cordonnier;VRAI;acct_1BvnTrDZ8kJuDCNB;Semelles (profil) femme
;Sabo Service;;Rue de Montfleury 1-3, Vernier, GE 1214 Suisse;022 930 13 18;sabo69@hotmail.ch;Cordonnier;VRAI;acct_1BvnTrDZ8kJuDCNB;Semelles (profil) homme
;Sabo Service;;Rue de Montfleury 1-3, Vernier, GE 1214 Suisse;022 930 13 18;sabo69@hotmail.ch;Cordonnier;VRAI;acct_1BvnTrDZ8kJuDCNB;Semelles en cuir femme
;Sabo Service;;Rue de Montfleury 1-3, Vernier, GE 1214 Suisse;022 930 13 18;sabo69@hotmail.ch;Cordonnier;VRAI;acct_1BvnTrDZ8kJuDCNB;Semelles en cuir homme
;Sabo Service;;Rue de Montfleury 1-3, Vernier, GE 1214 Suisse;022 930 13 18;sabo69@hotmail.ch;Cordonnier;VRAI;acct_1BvnTrDZ8kJuDCNB;Contreforts femme
;Sabo Service;;Rue de Montfleury 1-3, Vernier, GE 1214 Suisse;022 930 13 18;sabo69@hotmail.ch;Cordonnier;VRAI;acct_1BvnTrDZ8kJuDCNB;Contreforts Homme
;Sabo Service;;Rue de Montfleury 1-3, Vernier, GE 1214 Suisse;022 930 13 18;sabo69@hotmail.ch;Cordonnier;VRAI;acct_1BvnTrDZ8kJuDCNB;Semelles intérieures femme
;Sabo Service;;Rue de Montfleury 1-3, Vernier, GE 1214 Suisse;022 930 13 18;sabo69@hotmail.ch;Cordonnier;VRAI;acct_1BvnTrDZ8kJuDCNB;Semelles intérieures homme
;Sabo Service;;Rue de Montfleury 1-3, Vernier, GE 1214 Suisse;022 930 13 18;sabo69@hotmail.ch;Cordonnier;VRAI;acct_1BvnTrDZ8kJuDCNB;Mise en forme
;Sabo Service;;Rue de Montfleury 1-3, Vernier, GE 1214 Suisse;022 930 13 18;sabo69@hotmail.ch;Cordonnier;VRAI;acct_1BvnTrDZ8kJuDCNB;Couture
;Sabo Service;;Rue de Montfleury 1-3, Vernier, GE 1214 Suisse;022 930 13 18;sabo69@hotmail.ch;Cordonnier;VRAI;acct_1BvnTrDZ8kJuDCNB;Clés standards
;Sabo Service;;Rue de Montfleury 1-3, Vernier, GE 1214 Suisse;022 930 13 18;sabo69@hotmail.ch;Cordonnier;VRAI;acct_1BvnTrDZ8kJuDCNB;Clés standards (2)
;Sabo Service;;Rue de Montfleury 1-3, Vernier, GE 1214 Suisse;022 930 13 18;sabo69@hotmail.ch;Cordonnier;VRAI;acct_1BvnTrDZ8kJuDCNB;Semelles et Talons Caoutchouc
;Sabo Service;;Rue de Montfleury 1-3, Vernier, GE 1214 Suisse;022 930 13 18;sabo69@hotmail.ch;Cordonnier;VRAI;acct_1BvnTrDZ8kJuDCNB;Semelles et Talons Cuir
;Sabo Service;;Rue de Montfleury 1-3, Vernier, GE 1214 Suisse;022 930 13 18;sabo69@hotmail.ch;Cordonnier;VRAI;acct_1BvnTrDZ8kJuDCNB;DIVERS
;Smarsys;;Route d'Eclagnens 27, Oulens-sous-echallens, VD 1377 Switzerland;+41796076324;christophe.arn@smarsys.com;Réparation Smartphone;VRAI;acct_1B9Vf2JkvhMeLBqu;Réparation Ecran iPhone
;Smarsys;;Route d'Eclagnens 27, Oulens-sous-echallens, VD 1377 Switzerland;+41796076324;christophe.arn@smarsys.com;Réparation Smartphone;VRAI;acct_1B9Vf2JkvhMeLBqu;Changement de batterie iPhone
;Smarsys;;Route d'Eclagnens 27, Oulens-sous-echallens, VD 1377 Switzerland;+41796076324;christophe.arn@smarsys.com;Réparation Smartphone;VRAI;acct_1B9Vf2JkvhMeLBqu;Changement de batterie iPhone
;Sophro Coach;;Les Chesaux Dessus G4, St-Cergue, VD 1264 Suisse;079 304 04 45;sandrine.prince@gmail.com;Bien-être;VRAI;;Sophrologie : Séance individuelle
;Sophro Coach;;Les Chesaux Dessus G4, St-Cergue, VD 1264 Suisse;079 304 04 45;sandrine.prince@gmail.com;Bien-être;VRAI;;Sophro Entreprise - Cours collectif
;;;;;;;;;
;;;;;;;;;
